subject;predicate;object;score
Keppel Harcourt Barnard;/people/person/place_of_birth;London;5
Elizabeth Kay;/people/person/place_of_birth;London;5
Alisa Arnah;/people/person/place_of_birth;London;5
Robert Jankel;/people/person/place_of_birth;London;5
James Redhouse;/people/person/place_of_birth;London;-3
Nick Philip;/people/person/place_of_birth;London;5
Alice Temple;/people/person/place_of_birth;London;5
Peter Milligan;/people/person/place_of_birth;London;5
Justin Wintle;/people/person/place_of_birth;London;5
Benjamin Brecknell Turner;/people/person/place_of_birth;London;5
Russell Stannard;/people/person/place_of_birth;London;5
Edward Romilly;/people/person/place_of_birth;London;5
William Keasberry;/people/person/place_of_birth;London;5
Daniel Joseph Jaffé;/people/person/place_of_birth;London;5
Henry Cecil Leon;/people/person/place_of_birth;London;-5
Thomas Playfere;/people/person/place_of_birth;London;5
Aamer Haleem;/people/person/place_of_birth;London;5
Jean Ure;/people/person/place_of_birth;London;5
Judy Leden;/people/person/place_of_birth;London;-5
Scarlett Strallen;/people/person/place_of_birth;London;5
Edward Stone Parker;/people/person/place_of_birth;London;5
Brent Rickles;/people/person/place_of_birth;London;5
Adrian Baker;/people/person/place_of_birth;London;5
Coral Amiga;/people/person/place_of_birth;London;5
William Vaughan (bishop);/people/person/place_of_birth;London;5
Harry Freedman (author);/people/person/place_of_birth;London;5
Rusty Egan;/people/person/place_of_birth;London;5
Andrew Bell (minister);/people/person/place_of_birth;London;5
Jonathan Wilkins;/people/person/place_of_birth;London;5
Charles Frodsham;/people/person/place_of_birth;London;5
Frank Pearson;/people/person/place_of_birth;London;-1
William Mattieu Williams;/people/person/place_of_birth;London;5
Alan Littlejohn;/people/person/place_of_birth;London;5
Frank Sayers;/people/person/place_of_birth;London;5
Benjamin Pine;/people/person/place_of_birth;London;5
John William Mellor;/people/person/place_of_birth;London;5
Thomas Wroth (politician, 17th century);/people/person/place_of_birth;London;5
Gerard Hemsworth;/people/person/place_of_birth;London;5
Geoffrey Stevens (journalist);/people/person/place_of_birth;London;-1
Charles Hastings Doyle;/people/person/place_of_birth;London;5
Richard Corbould;/people/person/place_of_birth;London;5
Frederic Bayco;/people/person/place_of_birth;London;5
David Parry (folk musician);/people/person/place_of_birth;London;5
Mark Stone (baritone);/people/person/place_of_birth;London;5
James William Wallack;/people/person/place_of_birth;London;5
Timothy Foote;/people/person/place_of_birth;London;5
Edward Alfred Cowper;/people/person/place_of_birth;London;5
Jeremy Holmes;/people/person/place_of_birth;London;5
Deepa Kaul;/people/person/place_of_birth;London;5
Thomas E. Wilson;/people/person/place_of_birth;London;-5
Stephen Griew;/people/person/place_of_birth;London;5
Thomas Taylor (neoplatonist);/people/person/place_of_birth;London;5
Henry W. Lee;/people/person/place_of_birth;London;5
Lawrence Walford;/people/person/place_of_birth;London;5
E. W. Dickes;/people/person/place_of_birth;London;5
Toby Cockerell;/people/person/place_of_birth;London;5
Joan Vincent Murray;/people/person/place_of_birth;London;5
Neil Zakiewicz;/people/person/place_of_birth;London;5
Arthur Wakefield;/people/person/place_of_birth;London;-5
Symeon Cosburn;/people/person/place_of_birth;London;5
Alain de Cadenet;/people/person/place_of_birth;London;5
Richard West (journalist);/people/person/place_of_birth;London;5
Desi Williams;/people/person/place_of_birth;London;5
Malcolm Cecil;/people/person/place_of_birth;London;5
Harry Calvert;/people/person/place_of_birth;London;-5
Charles Ejogo;/people/person/place_of_birth;London;5
Thomas Adams (musician);/people/person/place_of_birth;London;5
Alaric Alexander Watts;/people/person/place_of_birth;London;5
Victor Henny;/people/person/place_of_birth;London;-3
Charles Dixon (ornithologist);/people/person/place_of_birth;London;5
Geoffrey Acland;/people/person/place_of_birth;London;-1
Tim Benjamin;/people/person/place_of_birth;London;5
Henry Neele;/people/person/place_of_birth;London;5
George FitzGeorge;/people/person/place_of_birth;London;5
Thomas Morton Harper;/people/person/place_of_birth;London;5
Henry Dawe;/people/person/place_of_birth;London;-5
Matthew Price;/people/person/place_of_birth;London;5
Laurie Allan;/people/person/place_of_birth;London;5
John Edwin (1749–1790);/people/person/place_of_birth;London;5
Edmund Hobhouse;/people/person/place_of_birth;London;5
Johnny Mowlem;/people/person/place_of_birth;London;5
Richard Vale;/people/person/place_of_birth;London;5
Reginald Brett, 2nd Viscount Esher;/people/person/place_of_birth;London;5
Terry Byrne;/people/person/place_of_birth;London;5
Antonia Okonma;/people/person/place_of_birth;London;5
Ursula Hoff;/people/person/place_of_birth;London;5
Mary Rose Young;/people/person/place_of_birth;London;-5
Neville Maxwell;/people/person/place_of_birth;London;5
Steven Alexander;/people/person/place_of_birth;London;5
Sebastian Dacey;/people/person/place_of_birth;London;5
George Stone (bishop);/people/person/place_of_birth;London;5
Alison Waters;/people/person/place_of_birth;London;5
Robert Bourne (developer);/people/person/place_of_birth;London;5
George Georgiou;/people/person/place_of_birth;London;5
Rhett Davies;/people/person/place_of_birth;London;5
Zoe McConnell;/people/person/place_of_birth;London;-1
David J. Farrar;/people/person/place_of_birth;London;5
William Main Page;/people/person/place_of_birth;London;5
Frank Holl;/people/person/place_of_birth;London;5
Stan Rosenthal;/people/person/place_of_birth;London;5
Christopher Hobbs;/people/person/place_of_birth;London;-5
John Howard (author);/people/person/place_of_birth;London;5
John Duncombe (writer);/people/person/place_of_birth;London;5
Keith Wiggins;/people/person/place_of_birth;London;5
Algernon Methuen;/people/person/place_of_birth;London;5
Jay Neill (actor);/people/person/place_of_birth;London;5
Michael Swanton;/people/person/place_of_birth;London;5
Peter Dowdeswell;/people/person/place_of_birth;London;5
John David Hennessey;/people/person/place_of_birth;London;5
Cliff Jones (musician);/people/person/place_of_birth;London;5
Alfred Hackman;/people/person/place_of_birth;London;-5
Malcolm Wakeford;/people/person/place_of_birth;London;-5
Robin Gillett;/people/person/place_of_birth;London;5
David Vaughan (dance archivist);/people/person/place_of_birth;London;5
William Henry Anderdon;/people/person/place_of_birth;London;5
Harry Zvi Tabor;/people/person/place_of_birth;London;5
William Byrne (engraver);/people/person/place_of_birth;London;5
Thomas Cole (minister);/people/person/place_of_birth;London;-5
Samuel Verblunsky;/people/person/place_of_birth;London;5
Janet Coster;/people/person/place_of_birth;London;5
Graham Reilly;/people/person/place_of_birth;London;3
Thalia Pellegrini;/people/person/place_of_birth;London;5
Bertie Felstead;/people/person/place_of_birth;London;5
Charles Mayo (Anglo-Saxon scholar);/people/person/place_of_birth;London;5
Abraham Aurelius;/people/person/place_of_birth;London;-3
Derrick Leon;/people/person/place_of_birth;London;5
Nick Grosso;/people/person/place_of_birth;London;5
George Russell French;/people/person/place_of_birth;London;5
Charles Kennedy Scott;/people/person/place_of_birth;London;-3
William Emery;/people/person/place_of_birth;London;5
Andrew Waterman;/people/person/place_of_birth;London;5
William Garnett (civil servant);/people/person/place_of_birth;London;5
Alice Harrison;/people/person/place_of_birth;London;5
Ethel Merston;/people/person/place_of_birth;London;5
Wally Stocker;/people/person/place_of_birth;London;5
Dmitry Grigorieff;/people/person/place_of_birth;London;5
Gilbert John Arrow;/people/person/place_of_birth;London;5
Sampson Low;/people/person/place_of_birth;London;5
Peter G. Engelman;/people/person/place_of_birth;London;5
Mark Farmer (actor);/people/person/place_of_birth;London;5
Joe Daly;/people/person/place_of_birth;London;5
Isidor Clinton Rubin;/people/person/place_of_birth;London;-3
Thomas Gerald Room;/people/person/place_of_birth;London;-5
Mehran Khaghani;/people/person/place_of_birth;London;5
Nigel Preston;/people/person/place_of_birth;London;5
Christopher Headington;/people/person/place_of_birth;London;5
John Barry (set designer);/people/person/place_of_birth;London;5
Olivia Poulet;/people/person/place_of_birth;London;5
Robert Briffault;/people/person/place_of_birth;London;1
Michael Jaffé;/people/person/place_of_birth;London;5
Stephen Atkinson (metallurgist);/people/person/place_of_birth;London;-5
Barbara C. Freeman;/people/person/place_of_birth;London;-5
Adrian Bowyer;/people/person/place_of_birth;London;5
Robb Gravett;/people/person/place_of_birth;London;5
Steve Laine;/people/person/place_of_birth;London;5
David Smith (English politician);/people/person/place_of_birth;London;5
Gordon Jennings Laing;/people/person/place_of_birth;London;-3
Tom Arnold (politician);/people/person/place_of_birth;London;5
Guy de Cointet;/people/person/place_of_birth;Paris;5
Nick Pugh;/people/person/place_of_birth;Paris;5
Renaud Gagneux;/people/person/place_of_birth;Paris;5
Jean Gallon;/people/person/place_of_birth;Paris;5
Jane Bathori;/people/person/place_of_birth;Paris;5
Marcel Alexandre Bertrand;/people/person/place_of_birth;Paris;5
Abel Dimier;/people/person/place_of_birth;Paris;5
Bernard Cassen;/people/person/place_of_birth;Paris;5
René Renoult;/people/person/place_of_birth;Paris;5
Farid Chopel;/people/person/place_of_birth;Paris;5
François Maspero;/people/person/place_of_birth;Paris;5
Thibaut de Reimpré;/people/person/place_of_birth;Paris;5
Charles Collé;/people/person/place_of_birth;Paris;5
Bertrand Lamarche;/people/person/place_of_birth;Paris;3
Louis Godin;/people/person/place_of_birth;Paris;5
Elsa Lunghini;/people/person/place_of_birth;Paris;5
Lucien Laurent Bonheur;/people/person/place_of_birth;Paris;5
François-Anne David;/people/person/place_of_birth;Paris;5
Jean Baptiste Claude Chatelain;/people/person/place_of_birth;Paris;5
Gérard Granel;/people/person/place_of_birth;Paris;5
Martin Malvy;/people/person/place_of_birth;Paris;5
Claude Piel;/people/person/place_of_birth;Paris;5
Georges Henri Roger;/people/person/place_of_birth;Paris;5
Albert Geouffre de Lapradelle;/people/person/place_of_birth;Paris;5
Claude Weisz;/people/person/place_of_birth;Paris;5
Dominique Sanson;/people/person/place_of_birth;Paris;5
Armand Toussaint;/people/person/place_of_birth;Paris;5
Hervé Alphand;/people/person/place_of_birth;Paris;5
Pierre Lecomte du Noüy;/people/person/place_of_birth;Paris;5
Alexandre Desgoffe;/people/person/place_of_birth;Paris;5
Léonce Alloy;/people/person/place_of_birth;Paris;5
Catherine Keller (artist);/people/person/place_of_birth;Paris;5
Patrick Lemarié;/people/person/place_of_birth;Paris;5
Émile Lévy;/people/person/place_of_birth;Paris;5
Pierre Cartellier;/people/person/place_of_birth;Paris;5
Yves Roucaute;/people/person/place_of_birth;Paris;5
Marianne Peretti;/people/person/place_of_birth;Paris;5
Sébastien Denis;/people/person/place_of_birth;Paris;5
Claude Duflos;/people/person/place_of_birth;Paris;5
François Lehideux;/people/person/place_of_birth;Paris;5
Ibrahim Diarra;/people/person/place_of_birth;Paris;5
Philippe Risoli;/people/person/place_of_birth;Paris;5
Ernest Breton;/people/person/place_of_birth;Paris;5
Serge Collot;/people/person/place_of_birth;Paris;5
Albert Vizentini;/people/person/place_of_birth;Paris;5
Hippolyte Cloquet;/people/person/place_of_birth;Paris;-3
Antoine Verglas;/people/person/place_of_birth;Paris;5
Cornélie Falcon;/people/person/place_of_birth;Paris;5
Hélène Carrère d'Encausse;/people/person/place_of_birth;Paris;5
Charles Cotin;/people/person/place_of_birth;Paris;5
Yvette Giraud;/people/person/place_of_birth;Paris;5
Nikos Aliagas;/people/person/place_of_birth;Paris;5
Marc Sangnier;/people/person/place_of_birth;Paris;5
Georges Hugon;/people/person/place_of_birth;Paris;5
Ernst Friedrich;/people/person/place_of_birth;Paris;5
Marie Nicolas Sylvestre Guillon;/people/person/place_of_birth;Paris;5
Constant Ferdinand Burille;/people/person/place_of_birth;Paris;3
Charles Nicholas Aubé;/people/person/place_of_birth;Paris;5
Henri de Contenson;/people/person/place_of_birth;Paris;5
Marthe Chenal;/people/person/place_of_birth;Paris;5
Jules Louis Lewal;/people/person/place_of_birth;Paris;5
Frédéric Durieux;/people/person/place_of_birth;Paris;5
Henri Nussbaumer;/people/person/place_of_birth;Paris;5
Robert Lecou;/people/person/place_of_birth;Paris;5
Alain Ehrenberg;/people/person/place_of_birth;Paris;5
Jean Noël Hallé;/people/person/place_of_birth;Paris;5
Léon Gimpel;/people/person/place_of_birth;Paris;5
David Bret;/people/person/place_of_birth;Paris;5
Jules de Gaultier;/people/person/place_of_birth;Paris;5
Louis Mazetier;/people/person/place_of_birth;Paris;5
Nicolas Colibert;/people/person/place_of_birth;Paris;5
Julien Noël Costantin;/people/person/place_of_birth;Paris;-3
Jeanne Deroin;/people/person/place_of_birth;Paris;5
Theophilus de Garencières;/people/person/place_of_birth;Paris;5
François Pourfour du Petit;/people/person/place_of_birth;Paris;-1
René Mayer;/people/person/place_of_birth;Paris;5
Françoise Claustre;/people/person/place_of_birth;Paris;5
Florent Fidèle Constant Bourgeois;/people/person/place_of_birth;Paris;5
Jean Cotelle;/people/person/place_of_birth;Paris;5
Adolphe Cohn;/people/person/place_of_birth;Paris;5
Jacques d'Agar;/people/person/place_of_birth;Paris;5
André Léri;/people/person/place_of_birth;Paris;5
Laurent Boyer;/people/person/place_of_birth;Paris;5
Gabriel Bertrand;/people/person/place_of_birth;Paris;5
Germinal Pierre Dandelin;/people/person/place_of_birth;Paris;-3
Henry Lerolle;/people/person/place_of_birth;Paris;5
Louis Dorléans;/people/person/place_of_birth;Paris;5
Paul Lacroix;/people/person/place_of_birth;Paris;5
Yannick Pouliot;/people/person/place_of_birth;Paris;5
Christelle Lefranc;/people/person/place_of_birth;Paris;1
Lola Artôt de Padilla;/people/person/place_of_birth;Paris;-5
Jacques Autreau;/people/person/place_of_birth;Paris;5
Hugues Krafft;/people/person/place_of_birth;Paris;5
Dumont de Montigny;/people/person/place_of_birth;Paris;5
Pierre Joxe;/people/person/place_of_birth;Paris;5
Mathieu Blin;/people/person/place_of_birth;Paris;5
Joseph Naudet;/people/person/place_of_birth;Paris;-3
Noël Gallon;/people/person/place_of_birth;Paris;5
Alfred Darjou;/people/person/place_of_birth;Paris;5
Michio Ihara;/people/person/place_of_birth;Paris;5
Henri Perreyve;/people/person/place_of_birth;Paris;5
Leon Athanese Gosselin;/people/person/place_of_birth;Paris;3
Eugène Brieux;/people/person/place_of_birth;Paris;5
Jan Bull;/people/person/place_of_birth;Paris;5
Morris Bear Squire;/people/person/place_of_birth;Chicago;5
Johanna Meier;/people/person/place_of_birth;Chicago;5
James Adler;/people/person/place_of_birth;Chicago;5
Wolfgang Baur;/people/person/place_of_birth;Chicago;5
Paul Willis (actor);/people/person/place_of_birth;Chicago;5
Al Cotey;/people/person/place_of_birth;Chicago;5
Arthur Yoria;/people/person/place_of_birth;Chicago;5
Thomas R. Fitzgerald;/people/person/place_of_birth;Chicago;5
Kip King;/people/person/place_of_birth;Chicago;5
Wallace Bishop;/people/person/place_of_birth;Chicago;5
Raymond Monsour Scurfield;/people/person/place_of_birth;Chicago;5
Carl R. Chindblom;/people/person/place_of_birth;Chicago;5
Mary Jayne Gold;/people/person/place_of_birth;Chicago;5
Axel Leonard Melander;/people/person/place_of_birth;Chicago;5
Dino Wells;/people/person/place_of_birth;Chicago;5
Joe Zakas;/people/person/place_of_birth;Chicago;5
Tim McGill;/people/person/place_of_birth;Chicago;5
Ron Westrum;/people/person/place_of_birth;Chicago;5
Raymond R. Schumacher;/people/person/place_of_birth;Chicago;5
Jack Petticord;/people/person/place_of_birth;Chicago;5
Robert E. Merriam;/people/person/place_of_birth;Chicago;5
Phillip Jackson (American politician);/people/person/place_of_birth;Chicago;5
David Schrader;/people/person/place_of_birth;Chicago;5
Charlene McMann;/people/person/place_of_birth;Chicago;5
Brian Bram;/people/person/place_of_birth;Chicago;5
No I.D.;/people/person/place_of_birth;Chicago;3
Ed Rossbach;/people/person/place_of_birth;Chicago;5
Stewart G. Honeck;/people/person/place_of_birth;Chicago;5
Rick Holbrook;/people/person/place_of_birth;Chicago;5
Frank Kaderabek;/people/person/place_of_birth;Chicago;5
Dean Richards (reporter);/people/person/place_of_birth;Chicago;-1
Steve Bjorklund;/people/person/place_of_birth;Chicago;5
Leslie Allen (racing driver);/people/person/place_of_birth;Chicago;5
James Burnham;/people/person/place_of_birth;Chicago;5
Ruth Fuller Sasaki;/people/person/place_of_birth;Chicago;5
Bernard Brodie (military strategist);/people/person/place_of_birth;Chicago;5
William Kraft;/people/person/place_of_birth;Chicago;5
Louis Antonelli;/people/person/place_of_birth;Chicago;5
Dennis Rea;/people/person/place_of_birth;Chicago;5
Nick Dranias;/people/person/place_of_birth;Chicago;5
Mary Lou Munts;/people/person/place_of_birth;Chicago;5
Joel Honig;/people/person/place_of_birth;Chicago;5
Daniel M. Hausman;/people/person/place_of_birth;Chicago;5
Michael Colgrass;/people/person/place_of_birth;Chicago;5
John Mann Goggin;/people/person/place_of_birth;Chicago;5
Fenton Johnson (poet);/people/person/place_of_birth;Chicago;5
Donald Kalish;/people/person/place_of_birth;Chicago;5
Lowrell Simon;/people/person/place_of_birth;Chicago;5
Jacques Benedict;/people/person/place_of_birth;Chicago;5
Steve Miller (athletics);/people/person/place_of_birth;Chicago;5
Bill Barminski;/people/person/place_of_birth;Chicago;5
Vincent A. Mahler;/people/person/place_of_birth;Chicago;3
Nathan B. Spingold;/people/person/place_of_birth;Chicago;5
Paul Conway (archivist);/people/person/place_of_birth;Chicago;5
William Francis Whitman, Jr.;/people/person/place_of_birth;Chicago;5
Wendy White (mezzo-soprano);/people/person/place_of_birth;Chicago;5
Byron Morrow;/people/person/place_of_birth;Chicago;5
Francis Davis;/people/person/place_of_birth;Philadelphia;5
Jim Boyd (actor);/people/person/place_of_birth;Philadelphia;5
Spencer Wishart;/people/person/place_of_birth;Philadelphia;5
Daniel Spielman;/people/person/place_of_birth;Philadelphia;5
Joel Myers;/people/person/place_of_birth;Philadelphia;-5
Edwin Milton Abbott;/people/person/place_of_birth;Philadelphia;5
Festus Walters;/people/person/place_of_birth;Philadelphia;1
Freddy Winnai;/people/person/place_of_birth;Philadelphia;5
Harrison Allen;/people/person/place_of_birth;Philadelphia;5
Benjamin Franklin Bache (journalist);/people/person/place_of_birth;Philadelphia;-3
Johnny Zito;/people/person/place_of_birth;Philadelphia;-3
Tom Mattera;/people/person/place_of_birth;Philadelphia;5
Jeff Chandler (boxer);/people/person/place_of_birth;Philadelphia;5
Dick Stockton;/people/person/place_of_birth;Philadelphia;5
Stanley Corrsin;/people/person/place_of_birth;Philadelphia;5
James Zug;/people/person/place_of_birth;Philadelphia;5
Richie Dent;/people/person/place_of_birth;Philadelphia;5
Andrew Repasky McElhinney;/people/person/place_of_birth;Philadelphia;5
Gloria Mann;/people/person/place_of_birth;Philadelphia;5
Tony Trov;/people/person/place_of_birth;Philadelphia;-5
Sasha Neulinger;/people/person/place_of_birth;Philadelphia;5
Bernie Lowe;/people/person/place_of_birth;Philadelphia;5
Stanley Sporkin;/people/person/place_of_birth;Philadelphia;5
Leon Bass;/people/person/place_of_birth;Philadelphia;5
Thomas Pole;/people/person/place_of_birth;Philadelphia;5
Barry Lee Myers;/people/person/place_of_birth;Philadelphia;-3
Gregory V. Palmer;/people/person/place_of_birth;Philadelphia;5
Dave Mazzoni;/people/person/place_of_birth;Philadelphia;5
Edwin E. Wagner;/people/person/place_of_birth;Philadelphia;5
Frank J. Webb;/people/person/place_of_birth;Philadelphia;5
Lawrence Townsend;/people/person/place_of_birth;Philadelphia;5
Lou Stein;/people/person/place_of_birth;Philadelphia;5
Terry Smith (radio);/people/person/place_of_birth;Philadelphia;-3
Graham Salisbury;/people/person/place_of_birth;Philadelphia;5
Henry Taylor (boxer);/people/person/place_of_birth;Philadelphia;5
Thomas Wright Rudderow;/people/person/place_of_birth;Philadelphia;5
Susan Denin;/people/person/place_of_birth;Philadelphia;5
Seymour S. Kety;/people/person/place_of_birth;Philadelphia;-3
George Brunner (composer);/people/person/place_of_birth;Philadelphia;5
Frederick Fraley;/people/person/place_of_birth;Philadelphia;5
Paul Pope;/people/person/place_of_birth;Philadelphia;5
Spencer Bonfiglio;/people/person/place_of_birth;Philadelphia;5
Stephen William White;/people/person/place_of_birth;Philadelphia;5
Eric Ash;/people/person/place_of_birth;Berlin;5
Oskar Simon;/people/person/place_of_birth;Berlin;-5
Heinz Oestergaard;/people/person/place_of_birth;Berlin;5
Joachim Martin Falbe;/people/person/place_of_birth;Berlin;5
Walter Ehrlich;/people/person/place_of_birth;Berlin;5
Peter Lachmann;/people/person/place_of_birth;Berlin;5
Leopold Casper;/people/person/place_of_birth;Berlin;5
Avner W. Less;/people/person/place_of_birth;Berlin;5
Walther Kruse;/people/person/place_of_birth;Berlin;-5
Albert Heinrich Brendel;/people/person/place_of_birth;Berlin;5
Robert Welch (Wisconsin politician);/people/person/place_of_birth;Berlin;-3
Hans Reiche;/people/person/place_of_birth;Berlin;5
William Charles Brenke;/people/person/place_of_birth;Berlin;5
Carl Strehl;/people/person/place_of_birth;Berlin;5
Valli Valli;/people/person/place_of_birth;Berlin;5
Daniel French (inventor);/people/person/place_of_birth;Berlin;-5
Shlomo Wolbe;/people/person/place_of_birth;Berlin;5
Georges Borchardt;/people/person/place_of_birth;Berlin;5
Don Mankiewicz;/people/person/place_of_birth;Berlin;5
Eric Goldberg (artist);/people/person/place_of_birth;Berlin;5
Wilhelm Sander;/people/person/place_of_birth;Berlin;5
Hans P. Kraus;/people/person/place_of_birth;Berlin;-5
Guy De Saint Cyr;/people/person/place_of_birth;Berlin;5
Richard Bohn;/people/person/place_of_birth;Berlin;5
Edward W. Greenman;/people/person/place_of_birth;Berlin;-3
Georg Ruge;/people/person/place_of_birth;Berlin;-3
Erich Franz Eugen Bracht;/people/person/place_of_birth;Berlin;-1
Erich Werdermann;/people/person/place_of_birth;Berlin;5
Thomas Sasse;/people/person/place_of_birth;Berlin;-3
Samuel von Schmettau;/people/person/place_of_birth;Berlin;5
Elfie Wörner;/people/person/place_of_birth;Berlin;5
Ernst Mehlich;/people/person/place_of_birth;Berlin;5
Johann Christoph Friedrich Klug;/people/person/place_of_birth;Berlin;5
Max Lehmann;/people/person/place_of_birth;Berlin;5
Monika Meyer (footballer);/people/person/place_of_birth;Berlin;5
Jan Paweł Nowacki;/people/person/place_of_birth;Berlin;5
Moritz Litten;/people/person/place_of_birth;Berlin;-5
Carl Anton Ewald;/people/person/place_of_birth;Berlin;-3
Franz Ludwig Catel;/people/person/place_of_birth;Berlin;5
Karl Friedrich von Klöden;/people/person/place_of_birth;Berlin;5
Julius Zupitza;/people/person/place_of_birth;Berlin;-3
Käte Stresemann;/people/person/place_of_birth;Berlin;3
Meike Evers;/people/person/place_of_birth;Berlin;5
J. J. Stevenson;/people/person/place_of_birth;Glasgow;5
Thomas Barclay (missionary);/people/person/place_of_birth;Glasgow;5
Thomas Atkinson (poet);/people/person/place_of_birth;Glasgow;-3
Kris Kane;/people/person/place_of_birth;Glasgow;5
Robert McCrindle;/people/person/place_of_birth;Glasgow;5
Julia Goss;/people/person/place_of_birth;Glasgow;-3
Hugh Fraser, 1st Baron Fraser of Allander;/people/person/place_of_birth;Glasgow;5
Alan Thomson (musician);/people/person/place_of_birth;Glasgow;5
William Atherton (lawyer);/people/person/place_of_birth;Glasgow;5
Mary Ann Kennedy (Scottish singer);/people/person/place_of_birth;Glasgow;5
Albert McElroy;/people/person/place_of_birth;Glasgow;5
Mary Macmaster;/people/person/place_of_birth;Glasgow;5
Thomas Haughey;/people/person/place_of_birth;Glasgow;5
James A. MacAlister;/people/person/place_of_birth;Glasgow;5
Lynn Faulds Wood;/people/person/place_of_birth;Glasgow;5
Denis McQuade;/people/person/place_of_birth;Glasgow;5
Kenny Brannigan;/people/person/place_of_birth;Glasgow;5
Douglas Simpson;/people/person/place_of_birth;Glasgow;5
Ian Steel;/people/person/place_of_birth;Glasgow;5
John Stewart Kennedy;/people/person/place_of_birth;Glasgow;-5
William Carstares;/people/person/place_of_birth;Glasgow;-5
Henry Boyd;/people/person/place_of_birth;Glasgow;-5
David Marshall Mason;/people/person/place_of_birth;Glasgow;-5
Adam McLean;/people/person/place_of_birth;Glasgow;5
Thomas Gardiner (publisher);/people/person/place_of_birth;Glasgow;-5
George Henry Walton;/people/person/place_of_birth;Glasgow;5
Vishal Marwaha;/people/person/place_of_birth;Glasgow;5
Fergus Morton, Baron Morton of Henryton;/people/person/place_of_birth;Glasgow;5
Jamielee McPherson;/people/person/place_of_birth;Glasgow;5
John Stephen;/people/person/place_of_birth;Glasgow;5
Pat Gerber;/people/person/place_of_birth;Glasgow;5
James Nisbet;/people/person/place_of_birth;Glasgow;-5
James Kinlay;/people/person/place_of_birth;Glasgow;5
Jimmy Cooper (musician);/people/person/place_of_birth;Glasgow;-5
Randolph Colville;/people/person/place_of_birth;Glasgow;5
Walter Douglas;/people/person/place_of_birth;Glasgow;5
Ken Ritchie;/people/person/place_of_birth;Glasgow;5
Jonathan Shearer;/people/person/place_of_birth;Glasgow;5
John Baird (Wolverhampton MP);/people/person/place_of_birth;Glasgow;5
John Junor;/people/person/place_of_birth;Glasgow;5
Louisa Stevenson;/people/person/place_of_birth;Glasgow;5
John Fisher (opera director);/people/person/place_of_birth;Glasgow;5
Christopher Whyte;/people/person/place_of_birth;Glasgow;5
Henry Saxe;/people/person/place_of_birth;Montreal;5
Christopher Benfield Carter;/people/person/place_of_birth;Montreal;5
Kris Lefcoe;/people/person/place_of_birth;Montreal;5
William Reed (musician);/people/person/place_of_birth;Montreal;5
Gerry Markman;/people/person/place_of_birth;Montreal;5
François Desjardins;/people/person/place_of_birth;Montreal;5
Marcel Faribault;/people/person/place_of_birth;Montreal;5
Antoine Ouilmette;/people/person/place_of_birth;Montreal;-5
Gilles Latulippe;/people/person/place_of_birth;Montreal;5
John McKay (pianist);/people/person/place_of_birth;Montreal;5
Donald Steven;/people/person/place_of_birth;Montreal;5
Léo Lévesque;/people/person/place_of_birth;Montreal;5
Alain Boire;/people/person/place_of_birth;Montreal;5
Lionel Tiger;/people/person/place_of_birth;Montreal;5
Merlin Bronques;/people/person/place_of_birth;Montreal;-3
Bill Downe;/people/person/place_of_birth;Montreal;5
Sébastien Leblanc;/people/person/place_of_birth;Montreal;5
Albert Chamberland;/people/person/place_of_birth;Montreal;5
Jean Désy;/people/person/place_of_birth;Montreal;5
Ira Vail;/people/person/place_of_birth;Montreal;3
Rodolphe Monty;/people/person/place_of_birth;Montreal;5
Wayne Eagling;/people/person/place_of_birth;Montreal;5
Romain Pelletier;/people/person/place_of_birth;Montreal;5
Howard Grant (boxer);/people/person/place_of_birth;Montreal;-3
Théophile Bruguier;/people/person/place_of_birth;Montreal;-5
John Mahaffy (ice hockey);/people/person/place_of_birth;Montreal;5
Yolande Thibeault;/people/person/place_of_birth;Montreal;5
Norman Spector;/people/person/place_of_birth;Montreal;5
René Gagnier;/people/person/place_of_birth;Montreal;5
Thomas Morland;/people/person/place_of_birth;Montreal;5
Emmanuel Aquin;/people/person/place_of_birth;Montreal;5
Gérald Gagnier;/people/person/place_of_birth;Montreal;3
Pierre Alexandre Tremblay;/people/person/place_of_birth;Montreal;5
Pierre de Savoye;/people/person/place_of_birth;Montreal;5
David Atkinson (baritone);/people/person/place_of_birth;Montreal;5
Lynne Kositsky;/people/person/place_of_birth;Montreal;5
Gordon Stevenson;/people/person/place_of_birth;Dublin;-1
Thomas Southerne;/people/person/place_of_birth;Dublin;-5
Seamus Martin;/people/person/place_of_birth;Dublin;5
Nathaniel Buchanan;/people/person/place_of_birth;Dublin;-5
Vivion de Valera;/people/person/place_of_birth;Dublin;5
Jim Grace (Irish footballer);/people/person/place_of_birth;Dublin;5
Fiachna Ó Braonáin;/people/person/place_of_birth;Dublin;5
Henry Ussher;/people/person/place_of_birth;Dublin;5
Jason Colwell;/people/person/place_of_birth;Dublin;5
Derek Murray (soccer);/people/person/place_of_birth;Dublin;5
Stephen Gough (footballer);/people/person/place_of_birth;Dublin;5
John Allen (Irish nationalist);/people/person/place_of_birth;Dublin;-3
Ed Pimm;/people/person/place_of_birth;Dublin;-5
Lee King;/people/person/place_of_birth;Dublin;5
Richard Collins, Baron Collins;/people/person/place_of_birth;Dublin;5
Dave Connell;/people/person/place_of_birth;Dublin;5
Alan Aboud;/people/person/place_of_birth;Dublin;5
Heartsill Ragon;/people/person/place_of_birth;Dublin;-5
Graham Doyle;/people/person/place_of_birth;Dublin;5
Martin Duffy (footballer);/people/person/place_of_birth;Dublin;5
Brian O'Riordan;/people/person/place_of_birth;Dublin;5
Terry Eviston;/people/person/place_of_birth;Dublin;5
Walley Chamberlain Oulton;/people/person/place_of_birth;Dublin;5
Shay Gibbons;/people/person/place_of_birth;Dublin;5
William Sadler (painter);/people/person/place_of_birth;Dublin;-5
Catherine Wellesley, Duchess of Wellington;/people/person/place_of_birth;Dublin;5
John O'Conor;/people/person/place_of_birth;Dublin;5
Marcus Tuite;/people/person/place_of_birth;Dublin;3
Gladys Henson;/people/person/place_of_birth;Dublin;5
Leslie Paul;/people/person/place_of_birth;Dublin;5
John Savage (Fenian);/people/person/place_of_birth;Dublin;5
Henry Bernard Carpenter;/people/person/place_of_birth;Dublin;3
John Sheridan Hogan;/people/person/place_of_birth;Dublin;-5
Paddy Crowley;/people/person/place_of_birth;Dublin;5
Jimmy Gregg;/people/person/place_of_birth;Dublin;5
John Henry (spy);/people/person/place_of_birth;Dublin;3
Alfred Downward;/people/person/place_of_birth;Melbourne;5
Michael Birt;/people/person/place_of_birth;Melbourne;5
Shane Price;/people/person/place_of_birth;Melbourne;5
Victoria LePage;/people/person/place_of_birth;Melbourne;5
Jennifer Holliday (softball);/people/person/place_of_birth;Melbourne;5
Mary Cecil Allen;/people/person/place_of_birth;Melbourne;5
Roy Dalgarno;/people/person/place_of_birth;Melbourne;5
Maggie Fitzgibbon;/people/person/place_of_birth;Melbourne;5
Robert Moss;/people/person/place_of_birth;Melbourne;5
George Johnston (general);/people/person/place_of_birth;Melbourne;5
Winifred Lewellin James;/people/person/place_of_birth;Melbourne;-3
Adam Bright;/people/person/place_of_birth;Melbourne;5
Daniel Sproule;/people/person/place_of_birth;Melbourne;5
Nicholas Colla;/people/person/place_of_birth;Melbourne;5
Carey Beebe;/people/person/place_of_birth;Melbourne;5
Amber Parkinson;/people/person/place_of_birth;Melbourne;5
Simon Gerada;/people/person/place_of_birth;Melbourne;5
Brett Hayman;/people/person/place_of_birth;Melbourne;5
Rodney Cocks;/people/person/place_of_birth;Melbourne;5
Michael Guider;/people/person/place_of_birth;Melbourne;5
David Sander;/people/person/place_of_birth;Melbourne;5
Herbert Postle;/people/person/place_of_birth;Melbourne;5
Luke Youlden;/people/person/place_of_birth;Melbourne;5
Rodney de Gruchy;/people/person/place_of_birth;Melbourne;5
Kate Richardson (athlete);/people/person/place_of_birth;Melbourne;5
Jennifer Huppert;/people/person/place_of_birth;Melbourne;3
Nicole Richardson;/people/person/place_of_birth;Melbourne;5
Justine Smethurst;/people/person/place_of_birth;Melbourne;5
Martin Brown (artist);/people/person/place_of_birth;Melbourne;5
Joanne Fox;/people/person/place_of_birth;Melbourne;5
Ashley Gilbertson;/people/person/place_of_birth;Melbourne;5
Diana Trask;/people/person/place_of_birth;Melbourne;5
Matthew Kent;/people/person/place_of_birth;Melbourne;5
William Dexter;/people/person/place_of_birth;Melbourne;-3
Harry James Angus;/people/person/place_of_birth;Melbourne;5
Jane Tanner;/people/person/place_of_birth;Melbourne;5
Gordon Edward Corbould;/people/person/place_of_birth;Toronto;5
Alastair Sweeny;/people/person/place_of_birth;Toronto;5
John William Thomson;/people/person/place_of_birth;Toronto;5
Linda MacLennan;/people/person/place_of_birth;Toronto;5
David Bourque;/people/person/place_of_birth;Toronto;-3
Catherine Winder;/people/person/place_of_birth;Toronto;-5
George Snell (bishop);/people/person/place_of_birth;Toronto;5
Erna Paris;/people/person/place_of_birth;Toronto;5
Ellie Tesher;/people/person/place_of_birth;Toronto;5
Steven Hayward (Canadian writer);/people/person/place_of_birth;Toronto;5
Lorne Resnick;/people/person/place_of_birth;Toronto;5
David Empringham;/people/person/place_of_birth;Toronto;5
Lorne Rubenstein;/people/person/place_of_birth;Toronto;5
Ronnie Le Drew;/people/person/place_of_birth;Toronto;5
Lorraine Leckie;/people/person/place_of_birth;Toronto;-5
Albert Pratz;/people/person/place_of_birth;Toronto;5
Harry Chadwick;/people/person/place_of_birth;Toronto;5
Jack Blum;/people/person/place_of_birth;Toronto;5
Graph Nobel;/people/person/place_of_birth;Toronto;5
William Leeming Harrison;/people/person/place_of_birth;Toronto;-3
John Smith (poet);/people/person/place_of_birth;Toronto;5
John Cole (politician);/people/person/place_of_birth;Toronto;5
Austin Lloyd Fleming;/people/person/place_of_birth;Toronto;5
John Josiah Robinette;/people/person/place_of_birth;Toronto;5
Biff Mitchell;/people/person/place_of_birth;Toronto;5
Bartle Brennen Bull;/people/person/place_of_birth;Toronto;5
Kim Ondaatje;/people/person/place_of_birth;Toronto;5
Murray McEachern;/people/person/place_of_birth;Toronto;5
Kenneth William Junor;/people/person/place_of_birth;Toronto;5
David Hackl;/people/person/place_of_birth;Toronto;5
Arthur N. Martin;/people/person/place_of_birth;Toronto;5
John Dodington;/people/person/place_of_birth;Toronto;5
Frank E. Holmes;/people/person/place_of_birth;Toronto;-3
Alan Welsh;/people/person/place_of_birth;Edinburgh;5
James Balfour (philosopher);/people/person/place_of_birth;Edinburgh;-5
John Thomas Rochead;/people/person/place_of_birth;Edinburgh;5
James Hogg (publisher);/people/person/place_of_birth;Edinburgh;-5
Thomas Tod Stoddart;/people/person/place_of_birth;Edinburgh;5
Gillian Cooke;/people/person/place_of_birth;Edinburgh;3
John Donaldson (painter);/people/person/place_of_birth;Edinburgh;5
George Hurst;/people/person/place_of_birth;Edinburgh;5
William Skirving;/people/person/place_of_birth;Edinburgh;-5
Julian Paynter;/people/person/place_of_birth;Edinburgh;5
John Cobbett;/people/person/place_of_birth;Edinburgh;5
George Mudie (Owenite);/people/person/place_of_birth;Edinburgh;5
Sir Andrew Agnew, 8th Baronet;/people/person/place_of_birth;Edinburgh;5
Roger Sinclair Aytoun;/people/person/place_of_birth;Edinburgh;5
Scott Cleverdon;/people/person/place_of_birth;Edinburgh;5
Robert Hamilton Paterson;/people/person/place_of_birth;Edinburgh;5
George Henderson (architect);/people/person/place_of_birth;Edinburgh;5
Walter Elliot (Scottish naturalist);/people/person/place_of_birth;Edinburgh;5
John Cameron (Reformed Presbyterian);/people/person/place_of_birth;Edinburgh;-5
James O. Clephane;/people/person/place_of_birth;Edinburgh;-3
Joseph Hislop;/people/person/place_of_birth;Edinburgh;5
Alexander Smith (chemist);/people/person/place_of_birth;Edinburgh;5
Mike Peden;/people/person/place_of_birth;Edinburgh;5
Mary MacLeod Banks;/people/person/place_of_birth;Edinburgh;5
Allan Stewart (artist);/people/person/place_of_birth;Edinburgh;5
Henry John Cody;/people/person/place_of_birth;Edinburgh;-3
Marcus Dods (musician);/people/person/place_of_birth;Edinburgh;5
Georgina Kennard;/people/person/place_of_birth;Edinburgh;5
William Walker (engraver born 1791);/people/person/place_of_birth;Edinburgh;-5
Patrick Edward Dove;/people/person/place_of_birth;Edinburgh;-5
Gary Callander;/people/person/place_of_birth;Edinburgh;5
Carl Herman Kraeling;/people/person/place_of_birth;Brooklyn;5
Rebecca Pronsky;/people/person/place_of_birth;Brooklyn;5
Borah Bergman;/people/person/place_of_birth;Brooklyn;5
Raymond Ericson;/people/person/place_of_birth;Brooklyn;5
Seth Lipsky;/people/person/place_of_birth;Brooklyn;5
Richard Cullen (attorney);/people/person/place_of_birth;Brooklyn;5
Al Harewood;/people/person/place_of_birth;Brooklyn;5
Jeffrey H. Cohen;/people/person/place_of_birth;Brooklyn;5
Sy Landy;/people/person/place_of_birth;Brooklyn;5
Peter C. Schultz;/people/person/place_of_birth;Brooklyn;5
Albert Warren Ferris;/people/person/place_of_birth;Brooklyn;5
Matthew T. Abruzzo;/people/person/place_of_birth;Brooklyn;5
Lucille Wallenrod;/people/person/place_of_birth;Brooklyn;5
Leonard D. Wexler;/people/person/place_of_birth;Brooklyn;5
Franco Gentilesca;/people/person/place_of_birth;Brooklyn;5
Joe Torres (journalist);/people/person/place_of_birth;Brooklyn;5
Bob Alberti;/people/person/place_of_birth;Brooklyn;5
Joe Ascione;/people/person/place_of_birth;Brooklyn;5
Stanley Newman;/people/person/place_of_birth;Brooklyn;-1
Stacy Barthe;/people/person/place_of_birth;Brooklyn;5
Roger Q. Williams;/people/person/place_of_birth;Brooklyn;5
John Esposito (pianist);/people/person/place_of_birth;Brooklyn;5
Leo C. Zeferetti;/people/person/place_of_birth;Brooklyn;5
Robert Stanley Breed;/people/person/place_of_birth;Brooklyn;-3
Claire Burch;/people/person/place_of_birth;Brooklyn;5
Ralph Schoenman;/people/person/place_of_birth;Brooklyn;5
Irving Fiske;/people/person/place_of_birth;Brooklyn;5
Bill Kaiserman;/people/person/place_of_birth;Brooklyn;5
Thomas Elliot Bowman III;/people/person/place_of_birth;Brooklyn;5
George E. Waldo;/people/person/place_of_birth;Brooklyn;5
Edward Raymond Neaher;/people/person/place_of_birth;Brooklyn;5
Adolf Jellinek;/people/person/place_of_birth;Budapest;-1
Ferenc A. Váli;/people/person/place_of_birth;Budapest;5
Peter Hargitai;/people/person/place_of_birth;Budapest;5
Imre Zachár;/people/person/place_of_birth;Budapest;5
Béla Glattfelder;/people/person/place_of_birth;Budapest;5
Berthold Weisz;/people/person/place_of_birth;Budapest;5
Zoltan Kósz;/people/person/place_of_birth;Budapest;5
Ferenc Sipos;/people/person/place_of_birth;Budapest;5
Mihály Kovács;/people/person/place_of_birth;Budapest;5
László Z. Bitó;/people/person/place_of_birth;Budapest;5
Árpád Soós;/people/person/place_of_birth;Budapest;5
Zoltán Benkő;/people/person/place_of_birth;Budapest;5
Adrienn Bende;/people/person/place_of_birth;Budapest;5
Katalin Karády;/people/person/place_of_birth;Budapest;5
Péter Lendvay;/people/person/place_of_birth;Budapest;5
Andrea Mátay;/people/person/place_of_birth;Budapest;5
Zsolt Hamar;/people/person/place_of_birth;Budapest;5
Zoltán Szilády;/people/person/place_of_birth;Budapest;5
György Bródy;/people/person/place_of_birth;Budapest;5
Charles Weissmann;/people/person/place_of_birth;Budapest;5
Ákos Császár;/people/person/place_of_birth;Budapest;5
Dávid Kovács;/people/person/place_of_birth;Budapest;5
Ferenc Mérei;/people/person/place_of_birth;Budapest;5
Ilus Vay;/people/person/place_of_birth;Budapest;5
Endre Csillag;/people/person/place_of_birth;Budapest;5
Csaba Őry;/people/person/place_of_birth;Budapest;5
Elemér Terták;/people/person/place_of_birth;Budapest;5
Károly Varga;/people/person/place_of_birth;Budapest;5
Samuel Löw Brill;/people/person/place_of_birth;Budapest;5
Bódog Török;/people/person/place_of_birth;Budapest;5
George Clifford Sziklai;/people/person/place_of_birth;Budapest;5
Elizabeth McClintock;/people/person/place_of_birth;Los Angeles;5
Danny LaPorte;/people/person/place_of_birth;Los Angeles;5
Michael D. Rich;/people/person/place_of_birth;Los Angeles;-5
Carl W. Ernst;/people/person/place_of_birth;Los Angeles;5
Roy Seawright;/people/person/place_of_birth;Los Angeles;5
Chloe Franks;/people/person/place_of_birth;Los Angeles;5
Elisa Kleven;/people/person/place_of_birth;Los Angeles;-5
Russ Titelman;/people/person/place_of_birth;Los Angeles;5
Phil Pardee;/people/person/place_of_birth;Los Angeles;5
Teron Beal;/people/person/place_of_birth;Los Angeles;1
Anne Triola;/people/person/place_of_birth;Los Angeles;5
Yehuda Hyman;/people/person/place_of_birth;Los Angeles;5
Max D. Adams;/people/person/place_of_birth;Los Angeles;5
2009–2011 detention of American hikers by Iran;/people/person/place_of_birth;Los Angeles;-3
Albert Braun;/people/person/place_of_birth;Los Angeles;-5
Harold Meyerson;/people/person/place_of_birth;Los Angeles;5
Bill Campbell (California politician);/people/person/place_of_birth;Los Angeles;5
Eric Bailey (basketball);/people/person/place_of_birth;Los Angeles;5
Michael Edelstein;/people/person/place_of_birth;Los Angeles;5
Kevin Kennedy (baseball);/people/person/place_of_birth;Los Angeles;5
Mentor Huebner;/people/person/place_of_birth;Los Angeles;5
Robert Bradshaw (figure skater);/people/person/place_of_birth;Los Angeles;5
Norman L. Eisen;/people/person/place_of_birth;Los Angeles;5
Jolene Brand;/people/person/place_of_birth;Los Angeles;5
Jesse Leon McCann;/people/person/place_of_birth;Los Angeles;5
David Hammerstein Mintz;/people/person/place_of_birth;Los Angeles;5
Andy Park (musician);/people/person/place_of_birth;Los Angeles;5
Jimmy Greenspoon;/people/person/place_of_birth;Los Angeles;5
Jack Aranson;/people/person/place_of_birth;Los Angeles;5
