subject;predicate;object;score;path
Morris S. Miller;/people/person/place_of_birth;New York City;5.0;Morris S. Miller>Buffalo, New York>New York City
Max Ferguson (painter);/people/person/place_of_birth;New York City;5.0;Max Ferguson (painter)>New York University>Berlin>New York City
John J. Dunnigan;/people/person/place_of_birth;New York City;5.0;John J. Dunnigan>New York (state)>Arabic>New York City
Frederick Juengling;/people/person/place_of_birth;New York City;5.0;Frederick Juengling>Berlin>New York City
Reuel Denney;/people/person/place_of_birth;New York City;5.0;Reuel Denney>Buffalo, New York>New York City
Thomas R. Ball;/people/person/place_of_birth;New York City;5.0;Thomas R. Ball>Connecticut>New York City
Derek Milman;/people/person/place_of_birth;New York City;5.0;Derek Milman>Westchester County>The Bronx>New York City
Mitchel B. Wallerstein;/people/person/place_of_birth;New York City;5.0;Mitchel B. Wallerstein>Maxwell School of Citizenship and Public Affairs>Documentary film>New York City
Silas Seandel;/people/person/place_of_birth;New York City;5.0;Silas Seandel>New York (magazine)>California>New York City
James A. Hamilton;/people/person/place_of_birth;New York City;5.0;James A. Hamilton>The New York Times>Buffalo, New York>New York City
James H. Torrens;/people/person/place_of_birth;New York City;5.0;James H. Torrens>Babe Ruth>New York City
Gene Calderazzo;/people/person/place_of_birth;New York City;3.0;Gene Calderazzo>United States>American Revolution>New York City
Randy Klein;/people/person/place_of_birth;New York City;5.0;Randy Klein>Museum of Modern Art>Buffalo, New York>New York City
Lawrence Francis Kramer;/people/person/place_of_birth;New York City;-1.0;Lawrence Francis Kramer>The New York Times>Buffalo, New York>New York City
Robert Joseph Ward;/people/person/place_of_birth;New York City;3.0;Robert Joseph Ward>United States District Court for the Southern District of New York>The Bronx>New York City
Anna Alice Chapin;/people/person/place_of_birth;New York City;5.0;Anna Alice Chapin>New York Public Library>The Bronx>New York City
Otto Maass;/people/person/place_of_birth;New York City;5.0;Otto Maass>McGill University>British Columbia>New York City
John Punnett Peters;/people/person/place_of_birth;New York City;5.0;John Punnett Peters>United States>American Revolution>New York City
Anne Walker;/people/person/place_of_birth;New York City;5.0;Anne Walker (architectural historian)>Columbia University>New York City
David E. Mark;/people/person/place_of_birth;New York City;5.0;David E. Mark>Columbia University>New York City
Marc Myers;/people/person/place_of_birth;New York City;5.0;Marc Myers>Columbia University>New York City
Norwood Bowne;/people/person/place_of_birth;New York City;5.0;Norwood Bowne>Delaware County, New York>American Revolutionary War>New York City
Samuel Colgate;/people/person/place_of_birth;New York City;5.0;Samuel Colgate>New York (state)>Arabic>New York City
Edward McGlynn;/people/person/place_of_birth;New York City;5.0;Edward McGlynn>United States>American Revolution>New York City
Herman Trunk;/people/person/place_of_birth;New York City;5.0;Herman Trunk>Modernism>Eiffel Tower>New York City
Steve Powers;/people/person/place_of_birth;New York City;5.0;Steve Powers>United States Coast Guard>Delaware>New York City
Morgan Dix;/people/person/place_of_birth;New York City;5.0;Morgan Dix>Columbia University>New York City
Irwin Steingut;/people/person/place_of_birth;New York City;5.0;Irwin Steingut>Herbert H. Lehman>Columbia University>New York City
Paul A. Schneider;/people/person/place_of_birth;New York City;-1.0;Paul A. Schneider>George W. Bush>Connecticut>New York City
Lawrence Lessing;/people/person/place_of_birth;New York City;-5.0;Lawrence Lessing>Buffalo, New York>New York City
Charles McCabe;/people/person/place_of_birth;New York City;1.0;Charles McCabe>The New York Times>Buffalo, New York>New York City
Jay Irving;/people/person/place_of_birth;New York City;3.0;Jay Irving>Columbia University>New York City
Kate Warne;/people/person/place_of_birth;New York City;1.0;Kate Warne>Chicago>New York City
Mike DiMeo;/people/person/place_of_birth;New York City;5.0;Mike DiMeo>Eric Clapton>New York City
Herman Rietzel;/people/person/place_of_birth;New York City;5.0;Herman Rietzel>United States>American Revolution>New York City
James Maurice;/people/person/place_of_birth;New York City;5.0;James Maurice>United States House of Representatives>Delaware>New York City
Samuel Isham;/people/person/place_of_birth;New York City;1.0;Samuel Isham>New York City, New York>The Bronx>New York City
Richard Bernas;/people/person/place_of_birth;New York City;5.0;Richard Bernas>Karlheinz Stockhausen>Bonn>New York City
Josh Neufeld;/people/person/place_of_birth;New York City;5.0;Josh Neufeld>New York (state)>Arabic>New York City
Sarah Platt Doremus;/people/person/place_of_birth;New York City;5.0;Sarah Platt Doremus>New Jersey>Delaware>New York City
Robert Hoe III;/people/person/place_of_birth;New York City;5.0;Robert Hoe III>London>David Bowie>New York City
Joe L. Brown;/people/person/place_of_birth;New York City;-3.0;Joe L. Brown>Major League Baseball>Chicago>New York City
Ben Yagoda;/people/person/place_of_birth;New York City;5.0;Ben Yagoda>Yale University>Connecticut>New York City
Robert Hessen;/people/person/place_of_birth;New York City;5.0;Robert Hessen>Columbia University>New York City
Charles Bazerman;/people/person/place_of_birth;New York City;-1.0;Charles Bazerman>United States>American Revolution>New York City
Harry Borden;/people/person/place_of_birth;New York City;-1.0;Harry Borden>Robin Williams>Chicago>New York City
Greg Rand;/people/person/place_of_birth;New York City;5.0;Greg Rand>New York (state)>Arabic>New York City
William Schaus;/people/person/place_of_birth;New York City;5.0;William Schaus>The New York Times>Buffalo, New York>New York City
Frederick S. Armitage;/people/person/place_of_birth;New York City;1.0;Frederick S. Armitage>Seneca Falls, NY>American Revolution>New York City
Ely Jacques Kahn, Jr.;/people/person/place_of_birth;New York City;5.0;Ely Jacques Kahn Jr.>Columbia University>New York City
John Sterling Rockefeller;/people/person/place_of_birth;New York City;5.0;John Sterling Rockefeller>Manhattan, New York City>East River>New York City
Melissa Murphy;/people/person/place_of_birth;New York City;-5.0;Melissa Murphy>Brooklyn>Bridge>New York City
Caroline Beaumont Zachry;/people/person/place_of_birth;New York City;5.0;Caroline Beaumont Zachry>Teachers College, Columbia University>Columbia University>New York City
Gerrit Henry;/people/person/place_of_birth;New York City;5.0;Gerrit Henry>Columbia University>New York City
Ray Gilhooley;/people/person/place_of_birth;New York City;5.0;Ray Gilhooley>New York City, New York>The Bronx>New York City
Jimmy Douglass;/people/person/place_of_birth;New York City;-5.0;Jimmy Douglass>New York (state)>Arabic>New York City
Countee Cullen;/people/person/place_of_birth;New York City;-1.0;Countee Cullen>The Bronx>New York City
Jenny Burton;/people/person/place_of_birth;New York City;1.0;Jenny Burton>Chuck (TV series)>DC Comics>New York City
Adele Morales;/people/person/place_of_birth;New York City;5.0;Adele Morales>Arthur Miller>New York City
Matthew J. Merritt;/people/person/place_of_birth;New York City;5.0;Matthew J. Merritt>Malba, Queens>East River>New York City
Victor Hammer (businessman);/people/person/place_of_birth;New York City;5.0;Victor Hammer (businessman)>The Bronx>New York City
Joe Connelly (producer);/people/person/place_of_birth;New York City;5.0;Joe Connelly (producer)>television>Apple Inc.>New York City
David Goodman Croly;/people/person/place_of_birth;New York City;1.0;David Goodman Croly>United States>American Revolution>New York City
James G. Evans;/people/person/place_of_birth;New York City;5.0;James G. Evans>Washington's Birthday>Calvin Coolidge>New York City
Loyd A. Jones;/people/person/place_of_birth;New York City;-5.0;Loyd A. Jones>Physics>Ibn al-Haytham>New York City
Arthur R.G. Solmssen;/people/person/place_of_birth;New York City;1.0;Arthur R.G. Solmssen>Berlin>New York City
Harry Mathews;/people/person/place_of_birth;New York City;5.0;Harry Mathews>Key West, Florida>City>New York City
John Clarkson Jay;/people/person/place_of_birth;New York City;5.0;John Clarkson Jay>Columbia University>New York City
Edwin Grasse;/people/person/place_of_birth;New York City;5.0;Edwin Grasse>The New York Times>Buffalo, New York>New York City
Paul Carter Harrison;/people/person/place_of_birth;New York City;5.0;Paul Carter Harrison>United States>American Revolution>New York City
Stephen Blauner;/people/person/place_of_birth;New York City;1.0;Stephen Blauner>Bobby Darin>California>New York City
Stewart L. Woodford;/people/person/place_of_birth;New York City;5.0;Stewart L. Woodford>Columbia University>New York City
Edward Weinfeld;/people/person/place_of_birth;New York City;5.0;Edward Weinfeld>United States District Court for the Southern District of New York>The Bronx>New York City
Zack O'Malley Greenburg;/people/person/place_of_birth;New York City;5.0;Zack O'Malley Greenburg>Yale College>Connecticut>New York City
William Starr Miller II;/people/person/place_of_birth;New York City;5.0;William Starr Miller II>The New York Times>Buffalo, New York>New York City
Frank Hotaling;/people/person/place_of_birth;New York City;5.0;Frank Hotaling>Academy Awards>New York City
Andrew Hussey Allen;/people/person/place_of_birth;New York City;5.0;Andrew Hussey Allen>United States>American Revolution>New York City
Stanley Cooperman;/people/person/place_of_birth;New York City;5.0;Stanley Cooperman>Canadians>Canadian English>New York City
Jock Gaynor;/people/person/place_of_birth;New York City;-5.0;Jock Gaynor>California>New York City
Amanda Green;/people/person/place_of_birth;New York City;5.0;Amanda Green>Atlanta>New York City
David Eisenbud;/people/person/place_of_birth;New York City;1.0;David Eisenbud>New York (state)>Arabic>New York City
Edwin Lester;/people/person/place_of_birth;New York City;5.0;Edwin Lester>Beverly Hills, California>California>New York City
John Henry Haaren;/people/person/place_of_birth;New York City;5.0;John Henry Haaren>Columbia University>New York City
Tanya Vidal;/people/person/place_of_birth;New York City;1.0;Tanya Vidal>Puerto Rico>American English>New York City
Abe Goldstein;/people/person/place_of_birth;New York City;5.0;Abe Goldstein>New York, New York>The Bronx>New York City
Florence Nightingale Levy;/people/person/place_of_birth;New York City;5.0;Florence Nightingale Levy>Art History>Capitalism>New York City
John Clinton Gray;/people/person/place_of_birth;New York City;5.0;John Clinton Gray>The New York Times>Buffalo, New York>New York City
Bayard Clarke;/people/person/place_of_birth;New York City;5.0;Bayard Clarke>The New York Times>Buffalo, New York>New York City
Sondra Lipton;/people/person/place_of_birth;New York City;-1.0;Sondra Lipton>Broadway theater>Broadway (Manhattan)>New York City
Steve Kaplan;/people/person/place_of_birth;New York City;1.0;Steve Kaplan (professor)>Documentary film>New York City
Edmund Milton Holland;/people/person/place_of_birth;New York City;5.0;Edmund Milton Holland>United States>American Revolution>New York City
Charles Henry Webb;/people/person/place_of_birth;New York City;1.0;Charles Henry Webb>New York, New York>The Bronx>New York City
Sara Berman (philanthropist);/people/person/place_of_birth;New York City;5.0;Sara Berman (philanthropist)>Upper East Side>City>New York City
Sidney Jonas Budnick;/people/person/place_of_birth;New York City;5.0;Sidney Jonas Budnick>De Stijl>Blue>New York City
Thomas F. Burchill;/people/person/place_of_birth;New York City;3.0;Thomas F. Burchill>The New York Times>Buffalo, New York>New York City
Harold Jacoby;/people/person/place_of_birth;New York City;5.0;Harold Jacoby>Columbia University>New York City
Frederic Taber Cooper;/people/person/place_of_birth;New York City;5.0;Frederic Taber Cooper>Columbia University>New York City
Daniel Pagano;/people/person/place_of_birth;New York City;1.0;Daniel Pagano>The Bronx>New York City
James Sibley Watson;/people/person/place_of_birth;New York City;-1.0;James Sibley Watson>Margaret C. Anderson>Chicago>New York City
Jacob Mishler;/people/person/place_of_birth;New York City;5.0;Jacob Mishler>Dwight D. Eisenhower>New York City
Eric Chester;/people/person/place_of_birth;New York City;5.0;Eric Chester>United States>American Revolution>New York City
Anahid Ajemian;/people/person/place_of_birth;New York City;1.0;Anahid Ajemian>Columbia University>New York City
Mike Siegel;/people/person/place_of_birth;New York City;-5.0;Mike Siegel>Radio personality>Disc jockey>New York City
Joan Mahoney;/people/person/place_of_birth;New York City;5.0;Joan Mahoney>Detroit>New York City
Lee Delano;/people/person/place_of_birth;New York City;3.0;Lee Delano>Joanne Woodward>Academy Awards>New York City
Gregory McMahon;/people/person/place_of_birth;New York City;5.0;Gregory McMahon>United States House of Representatives>Delaware>New York City
Sylvia Pressler;/people/person/place_of_birth;New York City;5.0;Sylvia Pressler>New Jersey>Delaware>New York City
Keppel Harcourt Barnard;/people/person/place_of_birth;London;5.0;Keppel Harcourt Barnard>Lambeth>Archbishop of Canterbury>London
James Redhouse;/people/person/place_of_birth;London;-3.0;James Redhouse>American Board of Commissioners for Foreign Missions>Athens>London
Edward Romilly;/people/person/place_of_birth;London;5.0;Edward Romilly>Porthkerry>Doctor Who>London
William Keasberry;/people/person/place_of_birth;London;5.0;William Keasberry>Bath, Somerset>England>London
Henry Cecil Leon;/people/person/place_of_birth;London;-5.0;Henry Cecil Leon>Call to the Bar>Common law>London
Thomas Playfere;/people/person/place_of_birth;London;5.0;Thomas Playfere>Kent>Archbishop of Canterbury>London
Aamer Haleem;/people/person/place_of_birth;London;5.0;Aamer Haleem>Canadians>British Isles>London
Judy Leden;/people/person/place_of_birth;London;-5.0;Judy Leden>Cardiff>London
William Vaughan (bishop);/people/person/place_of_birth;London;5.0;William Vaughan (bishop)>The Right Reverend>Anglican Communion>London
Rusty Egan;/people/person/place_of_birth;London;5.0;Rusty Egan>Punk rock>Drum kit>London
Frank Pearson;/people/person/place_of_birth;London;-1.0;Frank Pearson>Australia>Federalism>London
William Mattieu Williams;/people/person/place_of_birth;London;5.0;William Mattieu Williams>Lambeth>Archbishop of Canterbury>London
Alan Littlejohn;/people/person/place_of_birth;London;5.0;Alan Littlejohn>England>London
Frank Sayers;/people/person/place_of_birth;London;5.0;Frank Sayers>St Margaret Pattens>City of London>London
John William Mellor;/people/person/place_of_birth;London;5.0;John William Mellor>Barrister>London
Geoffrey Stevens (journalist);/people/person/place_of_birth;London;-1.0;Geoffrey Stevens (journalist)>London, Ontario>England>London
Charles Hastings Doyle;/people/person/place_of_birth;London;5.0;Charles Hastings Doyle>Charles Tupper>London
Richard Corbould;/people/person/place_of_birth;London;5.0;Richard Corbould>National Maritime Museum>Belfast>London
Mark Stone (baritone);/people/person/place_of_birth;London;5.0;Mark Stone (baritone)>Barcelona>London
James William Wallack;/people/person/place_of_birth;London;5.0;James William Wallack>England>London
Edward Alfred Cowper;/people/person/place_of_birth;London;5.0;Edward Alfred Cowper>England>London
Thomas E. Wilson;/people/person/place_of_birth;London;-5.0;Thomas E. Wilson>The New York Times>Chicago>London
Stephen Griew;/people/person/place_of_birth;London;5.0;Stephen Griew>Athabasca University>England>London
E. W. Dickes;/people/person/place_of_birth;London;5.0;E. W. Dickes>Admiralty>London
Neil Zakiewicz;/people/person/place_of_birth;London;5.0;Neil Zakiewicz>Dublin>London
Desi Williams;/people/person/place_of_birth;London;5.0;Desi Williams>England>London
Charles Ejogo;/people/person/place_of_birth;London;5.0;Charles Ejogo>BT Group>London
Alaric Alexander Watts;/people/person/place_of_birth;London;5.0;Alaric Alexander Watts>George Hamilton-Gordon, 4th Earl of Aberdeen>Arthur Wellesley, 1st Duke of Wellington>London
Victor Henny;/people/person/place_of_birth;London;-3.0;Victor Henny>Salatiga>Borneo>London
Geoffrey Acland;/people/person/place_of_birth;London;-1.0;Geoffrey Acland>British people>British Isles>London
Thomas Morton Harper;/people/person/place_of_birth;London;5.0;Thomas Morton Harper>England>London
John Edwin (17491790);/people/person/place_of_birth;London;5.0;John Edwin (17491790)>England>London
Reginald Brett, 2nd Viscount Esher;/people/person/place_of_birth;London;5.0;Reginald Brett, 2nd Viscount Esher>Benjamin Disraeli>London
Terry Byrne;/people/person/place_of_birth;London;5.0;Terry Byrne>Chelsea F.C.>London
Ursula Hoff;/people/person/place_of_birth;London;5.0;Ursula Hoff>British Museum>London
Mary Rose Young;/people/person/place_of_birth;London;-5.0;Mary Rose Young>United Kingdom>Cornish language>London
George Stone (bishop);/people/person/place_of_birth;London;5.0;George Stone (bishop)>The Most Reverend>Anglican Communion>London
George Georgiou;/people/person/place_of_birth;London;5.0;George Georgiou>Vanessa Winship>Balkans>London
Frank Holl;/people/person/place_of_birth;London;5.0;Frank Holl>University College School>England>London
Cliff Jones (musician);/people/person/place_of_birth;London;5.0;Cliff Jones (musician)>Britpop>Drum kit>London
Malcolm Wakeford;/people/person/place_of_birth;London;-5.0;Little River Band>Fleetwood Mac>London
Robin Gillett;/people/person/place_of_birth;London;5.0;Robin Gillett>Lord Mayor of London>City of London>London
Janet Coster;/people/person/place_of_birth;London;5.0;Janet Coster>England>London
Bertie Felstead;/people/person/place_of_birth;London;5.0;Bertie Felstead>England>London
Charles Mayo (Anglo-Saxon scholar);/people/person/place_of_birth;London;5.0;Charles Mayo (Anglo-Saxon scholar)>Merchant Taylors' School, Northwood>City of London>London
Abraham Aurelius;/people/person/place_of_birth;London;-3.0;Abraham Aurelius>Leyden>Amsterdam>London
Nick Grosso;/people/person/place_of_birth;London;5.0;Nick Grosso>Argentina>Federalism>London
George Russell French;/people/person/place_of_birth;London;5.0;George Russell French>Arthur Wellesley, 1st Duke of Wellington>London
Charles Kennedy Scott;/people/person/place_of_birth;London;-3.0;Charles Kennedy Scott>Romsey>Black Death>London
William Emery;/people/person/place_of_birth;London;5.0;William Emery>The Venerable>Anglican Communion>London
William Garnett (civil servant);/people/person/place_of_birth;London;5.0;William Garnett (civil servant)>Arthur William Garnett>Westmorland>England>London
Dmitry Grigorieff;/people/person/place_of_birth;London;5.0;Dmitry Grigorieff>Dean (religion)>Anglican Communion>London
Isidor Clinton Rubin;/people/person/place_of_birth;London;-3.0;Isidor Clinton Rubin>Prussia>Berlin>London
Thomas Gerald Room;/people/person/place_of_birth;London;-5.0;Thomas Gerald Room>England>London
Christopher Headington;/people/person/place_of_birth;London;5.0;Christopher Headington>England>London
John Barry (set designer);/people/person/place_of_birth;London;5.0;John Barry (set designer)>Star Wars (film)>Dr. Strangelove>London
Michael Jaffé;/people/person/place_of_birth;London;5.0;Michael Jaffé>England>London
Adrian Bowyer;/people/person/place_of_birth;London;5.0;Adrian Bowyer>Imperial College London>European Union>London
David Smith (English politician);/people/person/place_of_birth;London;5.0;David Smith (English politician)>City of London>London
Gordon Jennings Laing;/people/person/place_of_birth;London;-3.0;Gordon Jennings Laing>United States>Federalism>London
Guy de Cointet;/people/person/place_of_birth;Paris;5.0;Guy de Cointet>École des Beaux-Arts de Nancy>Auguste Rodin>Paris
Abel Dimier;/people/person/place_of_birth;Paris;5.0;Abel Dimier>France>French language>Paris
René Renoult;/people/person/place_of_birth;Paris;5.0;René Renoult>France>French language>Paris
Farid Chopel;/people/person/place_of_birth;Paris;5.0;Farid Chopel>France>French language>Paris
François Maspero;/people/person/place_of_birth;Paris;5.0;François Maspero>France>French language>Paris
Thibaut de Reimpré;/people/person/place_of_birth;Paris;5.0;Thibaut de Reimpré>French people>French language>Paris
Charles Collé;/people/person/place_of_birth;Paris;5.0;Charles Collé>France>French language>Paris
Bertrand Lamarche;/people/person/place_of_birth;Paris;3.0;Bertrand Lamarche>Kate Bush>François Truffaut>Paris
Louis Godin;/people/person/place_of_birth;Paris;5.0;Louis Godin>France>French language>Paris
Elsa Lunghini;/people/person/place_of_birth;Paris;5.0;Elsa Lunghini>France>French language>Paris
Lucien Laurent Bonheur;/people/person/place_of_birth;Paris;5.0;Lucien Laurent Bonheur>The New York Times>Chicago>Paris
Gérard Granel;/people/person/place_of_birth;Paris;5.0;Gérard Granel>Bordeaux>Paris
Martin Malvy;/people/person/place_of_birth;Paris;5.0;Martin Malvy>President of the Regional Council (France)>Guadeloupe>Paris
Albert Geouffre de Lapradelle;/people/person/place_of_birth;Paris;5.0;Albert Geouffre de Lapradelle>Columbia University>Paris
Armand Toussaint;/people/person/place_of_birth;Paris;5.0;Armand Toussaint>École nationale supérieure des Beaux-Arts>Jacques-Louis David>Paris
Hervé Alphand;/people/person/place_of_birth;Paris;5.0;Hervé Alphand>Ankara>Paris
Pierre Lecomte du Noüy;/people/person/place_of_birth;Paris;5.0;Pierre Lecomte du Noüy>New York City>Commuter rail>Paris
Léonce Alloy;/people/person/place_of_birth;Paris;5.0;Léonce Alloy>France>French language>Paris
Émile Lévy;/people/person/place_of_birth;Paris;5.0;Émile Lévy>France>French language>Paris
Pierre Cartellier;/people/person/place_of_birth;Paris;5.0;Pierre Cartellier>Jacques-Louis David>Paris
Yves Roucaute;/people/person/place_of_birth;Paris;5.0;Yves Roucaute>Baghdad>Paris
Ernest Breton;/people/person/place_of_birth;Paris;5.0;Ernest Breton>Archaeology>Geodesy>Paris
Albert Vizentini;/people/person/place_of_birth;Paris;5.0;Albert Vizentini>Théâtre de l'Odéon>Arc de Triomphe>Paris
Antoine Verglas;/people/person/place_of_birth;Paris;5.0;Antoine Verglas>Claudia Schiffer>Brigitte Bardot>Paris
Cornélie Falcon;/people/person/place_of_birth;Paris;5.0;Cornélie Falcon>Google Books>Columbia University>Paris
Hélène Carrère d'Encausse;/people/person/place_of_birth;Paris;5.0;Hélène Carrère d'Encausse>France>French language>Paris
Marc Sangnier;/people/person/place_of_birth;Paris;5.0;Marc Sangnier>Pope Benedict XV>Europe>Paris
Georges Hugon;/people/person/place_of_birth;Paris;5.0;Georges Hugon>Gustave Flaubert>Paris
Constant Ferdinand Burille;/people/person/place_of_birth;Paris;3.0;Constant Ferdinand Burille>Boston>Commuter rail>Paris
Henri de Contenson;/people/person/place_of_birth;Paris;5.0;Henri de Contenson>Archaeologist>Geodesy>Paris
Marthe Chenal;/people/person/place_of_birth;Paris;5.0;Marthe Chenal>Sapho (Massenet)>Algiers>Paris
Jules Louis Lewal;/people/person/place_of_birth;Paris;5.0;Jules Louis Lewal>French intervention in Mexico>Édouard Manet>Paris
Alain Ehrenberg;/people/person/place_of_birth;Paris;5.0;Alain Ehrenberg>Rennes>Bordeaux>Paris
Jean Noël Hallé;/people/person/place_of_birth;Paris;5.0;Jean Noël Hallé>Antoine Lavoisier>Paris
Léon Gimpel;/people/person/place_of_birth;Paris;5.0;Léon Gimpel>Strasbourg>European Union>Paris
Jules de Gaultier;/people/person/place_of_birth;Paris;5.0;Jules de Gaultier>Boulogne-sur-Mer>French language>Paris
Louis Mazetier;/people/person/place_of_birth;Paris;5.0;Louis Mazetier>Paris Washboard>Europe>Paris
Françoise Claustre;/people/person/place_of_birth;Paris;5.0;Françoise Claustre>France>French language>Paris
Florent Fidèle Constant Bourgeois;/people/person/place_of_birth;Paris;5.0;Florent Fidèle Constant Bourgeois>Jacques-Louis David>Paris
Adolphe Cohn;/people/person/place_of_birth;Paris;5.0;Adolphe Cohn>French language>Paris
Jacques d'Agar;/people/person/place_of_birth;Paris;5.0;Jacques d'Agar>Copenhagen>Paris
André Léri;/people/person/place_of_birth;Paris;5.0;André Léri>Berlin>Paris
Gabriel Bertrand;/people/person/place_of_birth;Paris;5.0;Gabriel Bertrand>Institut Pasteur>Bacteriophage>Paris
Germinal Pierre Dandelin;/people/person/place_of_birth;Paris;-3.0;Germinal Pierre Dandelin>Ghent>Paris
Henry Lerolle;/people/person/place_of_birth;Paris;5.0;Henry Lerolle>Berthe Morisot>Paris
Louis Dorléans;/people/person/place_of_birth;Paris;5.0;Louis Dorléans>France>French language>Paris
Paul Lacroix;/people/person/place_of_birth;Paris;5.0;Paul Lacroix>Napoleon III>Fontainebleau>Paris
Christelle Lefranc;/people/person/place_of_birth;Paris;1.0;Christelle Lefranc>Barcelona>Paris
Dumont de Montigny;/people/person/place_of_birth;Paris;5.0;Dumont de Montigny>Chicago>Paris
Pierre Joxe;/people/person/place_of_birth;Paris;5.0;Pierre Joxe>Minister of the Interior (France)>French Armed Forces>Paris
Alfred Darjou;/people/person/place_of_birth;Paris;5.0;Alfred Darjou>Hôtel de Ville, Paris>Auguste Rodin>Paris
Michio Ihara;/people/person/place_of_birth;Paris;5.0;Michio Ihara>Kinetic sculpture>Claude Monet>Paris
Henri Perreyve;/people/person/place_of_birth;Paris;5.0;Henri Perreyve>Oratory of Jesus>Cardinal (Catholic Church)>Paris
Leon Athanese Gosselin;/people/person/place_of_birth;Paris;3.0;Léon Athanese Gosselin>Faculté de Médecine de Paris>Guild>Paris
Morris Bear Squire;/people/person/place_of_birth;Chicago;5.0;Morris Bear Squire>Illinois>Chicago
Johanna Meier;/people/person/place_of_birth;Chicago;5.0;Johanna Meier>United States of America>North America>Chicago
Al Cotey;/people/person/place_of_birth;Chicago;5.0;Al Cotey>Chicago, Illinois>Commuter rail>Chicago
Carl R. Chindblom;/people/person/place_of_birth;Chicago;5.0;Carl R. Chindblom>Illinois>Chicago
Joe Zakas;/people/person/place_of_birth;Chicago;5.0;Joe Zakas>Daniel Anthony Manion>Knute Rockne>Chicago
Raymond R. Schumacher;/people/person/place_of_birth;Chicago;5.0;Raymond R. Schumacher>Chicago Bears>Chicago
Robert E. Merriam;/people/person/place_of_birth;Chicago;5.0;Robert E. Merriam>Dwight D. Eisenhower>Chicago
Phillip Jackson (American politician);/people/person/place_of_birth;Chicago;5.0;Phillip Jackson>Chicago Public Schools>Illinois>Chicago
Charlene McMann;/people/person/place_of_birth;Chicago;5.0;Chicago Blood Cancer Foundation>Chicago Sun-Times>Illinois>Chicago
No I.D.;/people/person/place_of_birth;Chicago;3.0;No I.D.>Illinois>Chicago
Stewart G. Honeck;/people/person/place_of_birth;Chicago;5.0;Stewart G. Honeck>United States>North America>Chicago
Dean Richards (reporter);/people/person/place_of_birth;Chicago;-1.0;Dean Richards (reporter)>Chicago, Illinois>Commuter rail>Chicago
Steve Bjorklund;/people/person/place_of_birth;Chicago;5.0;Steve Bjorklund>Chicago, Illinois>Commuter rail>Chicago
Leslie Allen (racing driver);/people/person/place_of_birth;Chicago;5.0;Leslie Allen (racing driver)>Odell, Illinois>Chicago White Sox>Chicago
James Burnham;/people/person/place_of_birth;Chicago;5.0;James Burnham>Franklin D. Roosevelt>Chicago
Bernard Brodie (military strategist);/people/person/place_of_birth;Chicago;5.0;Bernard Brodie (military strategist)>Illinois>Chicago
Louis Antonelli;/people/person/place_of_birth;Chicago;5.0;Louis Antonelli>Illinois>Chicago
Mary Lou Munts;/people/person/place_of_birth;Chicago;5.0;Mary Lou Munts>United States>North America>Chicago
Michael Colgrass;/people/person/place_of_birth;Chicago;5.0;Michael Colgrass>Detroit>Chicago
Fenton Johnson (poet);/people/person/place_of_birth;Chicago;5.0;Fenton Johnson (poet)>Illinois>Chicago
Steve Miller (athletics);/people/person/place_of_birth;Chicago;5.0;Steve Miller (athletics)>Illinois>Chicago
Vincent A. Mahler;/people/person/place_of_birth;Chicago;3.0;Vincent A. Mahler>Political Science>Moscow>Chicago
William Francis Whitman, Jr.;/people/person/place_of_birth;Chicago;5.0;William Francis Whitman Jr.>Miami, Florida>Commuter rail>Chicago
Wendy White (mezzo-soprano);/people/person/place_of_birth;Chicago;5.0;Wendy White (mezzo-soprano)>The New York Times>Federal Bureau of Investigation>Chicago
Daniel Spielman;/people/person/place_of_birth;Philadelphia;5.0;Daniel Spielman>Pennsylvania>Philadelphia
Joel Myers;/people/person/place_of_birth;Philadelphia;-5.0;Joel Myers>Pennsylvania>Philadelphia
Edwin Milton Abbott;/people/person/place_of_birth;Philadelphia;5.0;Edwin Milton Abbott>United states>Maine>Philadelphia
Festus Walters;/people/person/place_of_birth;Philadelphia;1.0;Festus Walters>Columbus, Ohio>Philadelphia
Freddy Winnai;/people/person/place_of_birth;Philadelphia;5.0;Freddy Winnai>Philadelphia, Pennsylvania>Commuter rail>Philadelphia
Benjamin Franklin Bache (journalist);/people/person/place_of_birth;Philadelphia;-3.0;Benjamin Franklin Bache (journalist)>Benjamin Franklin>Philadelphia
Johnny Zito;/people/person/place_of_birth;Philadelphia;-3.0;Johnny Zito>Alpha Girls>Schoolly D>Philadelphia
Tom Mattera;/people/person/place_of_birth;Philadelphia;5.0;Tom Mattera>David Lynch>Philadelphia
James Zug;/people/person/place_of_birth;Philadelphia;5.0;James Zug>Philadelphia, Pennsylvania>Commuter rail>Philadelphia
Gloria Mann;/people/person/place_of_birth;Philadelphia;5.0;Gloria Mann>Pennsylvania>Philadelphia
Bernie Lowe;/people/person/place_of_birth;Philadelphia;5.0;Bernie Lowe>Elvis Presley>Philadelphia
Stanley Sporkin;/people/person/place_of_birth;Philadelphia;5.0;Stanley Sporkin>Pennsylvania>Philadelphia
Leon Bass;/people/person/place_of_birth;Philadelphia;5.0;Leon Bass>Alabama>Philadelphia
Thomas Pole;/people/person/place_of_birth;Philadelphia;5.0;Thomas Pole>Benjamin Franklin>Philadelphia
Barry Lee Myers;/people/person/place_of_birth;Philadelphia;-3.0;Barry Lee Myers>Under Secretary of Commerce for Oceans and Atmosphere>President of the United States>Philadelphia
Dave Mazzoni;/people/person/place_of_birth;Philadelphia;5.0;Dave Mazzoni>David Lynch>Philadelphia
Frank J. Webb;/people/person/place_of_birth;Philadelphia;5.0;Frank J. Webb>Frederick Douglass>Philadelphia
Lawrence Townsend;/people/person/place_of_birth;Philadelphia;5.0;Lawrence Townsend>Pennsylvania>Philadelphia
Terry Smith (radio);/people/person/place_of_birth;Philadelphia;-3.0;Terry Smith (sportscaster)>United States>Maine>Philadelphia
Susan Denin;/people/person/place_of_birth;Philadelphia;5.0;Susan Denin>The New York Times>Grover Cleveland>Philadelphia
Frederick Fraley;/people/person/place_of_birth;Philadelphia;5.0;Frederick Fraley>Pennsylvania>Philadelphia
Stephen William White;/people/person/place_of_birth;Philadelphia;5.0;Stephen William White>Pennsylvania>Philadelphia
Oskar Simon;/people/person/place_of_birth;Berlin;-5.0;Oskar Simon>Vienna>European Union>Berlin
Heinz Oestergaard;/people/person/place_of_birth;Berlin;5.0;Heinz Oestergaard>Bad Reichenhall>Germany>Berlin
Joachim Martin Falbe;/people/person/place_of_birth;Berlin;5.0;Joachim Martin Falbe>French people>German language>Berlin
Leopold Casper;/people/person/place_of_birth;Berlin;5.0;Leopold Casper>London>Berlin
Avner W. Less;/people/person/place_of_birth;Berlin;5.0;Avner Less>Basel>Berlin
Walther Kruse;/people/person/place_of_birth;Berlin;-5.0;Walther Kruse>Leipzig>Berlin
Albert Heinrich Brendel;/people/person/place_of_birth;Berlin;5.0;Albert Heinrich Brendel>Prussian Academy of Arts>East Berlin>Berlin
Robert Welch (Wisconsin politician);/people/person/place_of_birth;Berlin;-3.0;Robert Welch (Wisconsin politician)>United States>Europe>Berlin
Carl Strehl;/people/person/place_of_birth;Berlin;5.0;Carl Strehl>Hamburg>Berlin
Wilhelm Sander;/people/person/place_of_birth;Berlin;5.0;Wilhelm Sander>Germany>Berlin
Hans P. Kraus;/people/person/place_of_birth;Berlin;-5.0;Hans P. Kraus>Austria>European Union>Berlin
Edward W. Greenman;/people/person/place_of_birth;Berlin;-3.0;Edward W. Greenman>New York (state)>Los Angeles>Berlin
Georg Ruge;/people/person/place_of_birth;Berlin;-3.0;Georg Ruge>University of Berlin>Germany>Berlin
Erich Franz Eugen Bracht;/people/person/place_of_birth;Berlin;-1.0;Erich Franz Eugen Bracht>Ludwig Aschoff>Germany>Berlin
Erich Werdermann;/people/person/place_of_birth;Berlin;5.0;Erich Werdermann>Jena>Erfurt>Berlin
Elfie Wörner;/people/person/place_of_birth;Berlin;5.0;Elfie Wörner>Munich>Bavaria>Berlin
Ernst Mehlich;/people/person/place_of_birth;Berlin;5.0;Ernst Mehlich>German Empire>Berlin
Johann Christoph Friedrich Klug;/people/person/place_of_birth;Berlin;5.0;Johann Christoph Friedrich Klug>Germany>Berlin
Max Lehmann;/people/person/place_of_birth;Berlin;5.0;Max Lehmann>Germany>Berlin
Moritz Litten;/people/person/place_of_birth;Berlin;-5.0;Moritz Litten>University of Heidelberg>Germany>Berlin
Franz Ludwig Catel;/people/person/place_of_birth;Berlin;5.0;Franz Ludwig Catel>Rome>Europe>Berlin
Karl Friedrich von Klöden;/people/person/place_of_birth;Berlin;5.0;Karl Friedrich von Klöden>Cologne>Berlin
Julius Zupitza;/people/person/place_of_birth;Berlin;-3.0;Julius Zupitza>Upper Silesia>German Empire>Berlin
Käte Stresemann;/people/person/place_of_birth;Berlin;3.0;Käte Stresemann>Lankwitz>Brandenburg>Berlin
J. J. Stevenson;/people/person/place_of_birth;Glasgow;5.0;J. J. Stevenson>Edinburgh>Glasgow
Thomas Barclay (missionary);/people/person/place_of_birth;Glasgow;5.0;Thomas Barclay (missionary)>Scotland>Glasgow
Kris Kane;/people/person/place_of_birth;Glasgow;5.0;Kris Kane>Scotland>Glasgow
Robert McCrindle;/people/person/place_of_birth;Glasgow;5.0;Robert McCrindle>City of London>Glasgow
Julia Goss;/people/person/place_of_birth;Glasgow;-3.0;Julia Goss>Gilbert and Sullivan>Arthur Sullivan>Glasgow
Hugh Fraser, 1st Baron Fraser of Allander;/people/person/place_of_birth;Glasgow;5.0;Hugh Fraser, 1st Baron Fraser of Allander>Scotland>Glasgow
Mary Ann Kennedy (Scottish singer);/people/person/place_of_birth;Glasgow;5.0;Mary Ann Kennedy (Scottish singer)>Scotland>Glasgow
Albert McElroy;/people/person/place_of_birth;Glasgow;5.0;Albert McElroy>Oxford>Glasgow
Thomas Haughey;/people/person/place_of_birth;Glasgow;5.0;Thomas Haughey>Kentucky>Glasgow
Ian Steel;/people/person/place_of_birth;Glasgow;5.0;Ian Steel>Berlin>Glasgow
Adam McLean;/people/person/place_of_birth;Glasgow;5.0;Adam McLean>Hermeticism>Walter Scott>Glasgow
Thomas Gardiner (publisher);/people/person/place_of_birth;Glasgow;-5.0;Thomas Gardiner (publisher)>Kilmarnock, Scotland>Industrial Revolution>Glasgow
George Henry Walton;/people/person/place_of_birth;Glasgow;5.0;George Henry Walton>York>Glasgow
Vishal Marwaha;/people/person/place_of_birth;Glasgow;5.0;Vishal Marwaha>Scotland>Glasgow
Fergus Morton, Baron Morton of Henryton;/people/person/place_of_birth;Glasgow;5.0;Fergus Morton, Baron Morton of Henryton>United Kingdom>Glasgow
John Stephen;/people/person/place_of_birth;Glasgow;5.0;John Stephen>Carnaby Street>London>Glasgow
Pat Gerber;/people/person/place_of_birth;Glasgow;5.0;Pat Gerber>Scotland>Glasgow
James Kinlay;/people/person/place_of_birth;Glasgow;5.0;James Kinlay>Sunday Express>London>Glasgow
Walter Douglas;/people/person/place_of_birth;Glasgow;5.0;Walter Douglas>Glasgow, Scotland>River Clyde>Glasgow
John Baird (Wolverhampton MP);/people/person/place_of_birth;Glasgow;5.0;John Baird (Wolverhampton MP)>London>Glasgow
Louisa Stevenson;/people/person/place_of_birth;Glasgow;5.0;Louisa Stevenson>Edinburgh>Glasgow
John Fisher (opera director);/people/person/place_of_birth;Glasgow;5.0;John Fisher (opera director)>University of Glasgow>Glasgow
Christopher Whyte;/people/person/place_of_birth;Glasgow;5.0;Christopher Whyte>Dublin>Glasgow
Henry Saxe;/people/person/place_of_birth;Montreal;5.0;Henry Saxe>Quebec>French language>Montreal
Christopher Benfield Carter;/people/person/place_of_birth;Montreal;5.0;Christopher Benfield Carter>Quebec Liberal Party>Responsible government>Montreal
Kris Lefcoe;/people/person/place_of_birth;Montreal;5.0;Kris Lefcoe>Quebec>French language>Montreal
François Desjardins;/people/person/place_of_birth;Montreal;5.0;François Desjardins>Laurentian Bank of Canada>President>Haiti>Montreal
Marcel Faribault;/people/person/place_of_birth;Montreal;5.0;Marcel Faribault>Canadians>Haiti>Montreal
Gilles Latulippe;/people/person/place_of_birth;Montreal;5.0;Gilles Latulippe>Quebec>French language>Montreal
John McKay (pianist);/people/person/place_of_birth;Montreal;5.0;John McKay (pianist)>Clermont Pépin>Paris>Montreal
Alain Boire;/people/person/place_of_birth;Montreal;5.0;Alain Boire>Quebec>French language>Montreal
Merlin Bronques;/people/person/place_of_birth;Montreal;-3.0;Merlin Bronques>Brooklyn>Los Angeles>Montreal
Bill Downe;/people/person/place_of_birth;Montreal;5.0;Bill Downe>Quebec>French language>Montreal
Albert Chamberland;/people/person/place_of_birth;Montreal;5.0;Albert Chamberland>His Master's Voice>London>Montreal
Jean Désy;/people/person/place_of_birth;Montreal;5.0;Jean Désy>Paris>Montreal
Ira Vail;/people/person/place_of_birth;Montreal;3.0;Ira Vail>Canadian-American>French language>Montreal
Rodolphe Monty;/people/person/place_of_birth;Montreal;5.0;Rodolphe Monty>Secretary of State for Canada>London>Montreal
Howard Grant (boxer);/people/person/place_of_birth;Montreal;-3.0;Howard Grant (boxer)>Jamaica>Montreal
John Mahaffy (ice hockey);/people/person/place_of_birth;Montreal;5.0;John Mahaffy (ice hockey)>Ice hockey>Montreal
Yolande Thibeault;/people/person/place_of_birth;Montreal;5.0;Yolande Thibeault>Quebec>French language>Montreal
Norman Spector;/people/person/place_of_birth;Montreal;5.0;Norman Spector>Ontario>Montreal
Thomas Morland;/people/person/place_of_birth;Montreal;5.0;Thomas Morland>Nigeria>Montreal
Gérald Gagnier;/people/person/place_of_birth;Montreal;3.0;Gérald Gagnier>The Canadian Encyclopedia>Canadian English>Montreal
Pierre de Savoye;/people/person/place_of_birth;Montreal;5.0;Pierre de Savoye>Quebec>French language>Montreal
David Atkinson (baritone);/people/person/place_of_birth;Montreal;5.0;David Atkinson (baritone)>The New York Times>London>Montreal
Gordon Stevenson;/people/person/place_of_birth;Dublin;-1.0;Gordon Stevenson>Dublin, Georgia>Republic of Ireland>Dublin
Thomas Southerne;/people/person/place_of_birth;Dublin;-5.0;Thomas Southerne>London>Dublin
Seamus Martin;/people/person/place_of_birth;Dublin;5.0;Seamus Martin>Moscow>Dublin
Nathaniel Buchanan;/people/person/place_of_birth;Dublin;-5.0;Nathaniel Buchanan>Australia>British Isles>Dublin
Vivion de Valera;/people/person/place_of_birth;Dublin;5.0;Vivion de Valera>Fianna Fáil>Dublin
Henry Ussher;/people/person/place_of_birth;Dublin;5.0;Henry Ussher>Church of Ireland>John, King of England>Dublin
Jason Colwell;/people/person/place_of_birth;Dublin;5.0;Jason Colwell>Republic of Ireland>Dublin
John Allen (Irish nationalist);/people/person/place_of_birth;Dublin;-3.0;John Allen (Irish nationalist)>Dublin, Ireland>Republic of Ireland>Dublin
Ed Pimm;/people/person/place_of_birth;Dublin;-5.0;Ed Pimm>Chevrolet>Opel>Dublin
Richard Collins, Baron Collins;/people/person/place_of_birth;Dublin;5.0;Richard Collins, Baron Collins>London>Dublin
Dave Connell;/people/person/place_of_birth;Dublin;5.0;Dave Connell>Republic of Ireland>Dublin
Heartsill Ragon;/people/person/place_of_birth;Dublin;-5.0;Heartsill Ragon>Franklin D. Roosevelt>Winston Churchill>Dublin
Graham Doyle;/people/person/place_of_birth;Dublin;5.0;Graham Doyle>Republic of Ireland>Dublin
Brian O'Riordan;/people/person/place_of_birth;Dublin;5.0;Brian O'Riordan>Rugby football>Dublin
Terry Eviston;/people/person/place_of_birth;Dublin;5.0;Terry Eviston>Bohemian F.C.>Republic of Ireland>Dublin
Shay Gibbons;/people/person/place_of_birth;Dublin;5.0;Shay Gibbons>Bohemians F.C.>Republic of Ireland>Dublin
Catherine Wellesley, Duchess of Wellington;/people/person/place_of_birth;Dublin;5.0;Catherine Wellesley, Duchess of Wellington>Arthur Wellesley, 1st Duke of Wellington>Dublin
John O'Conor;/people/person/place_of_birth;Dublin;5.0;John O'Conor>Prague>Dublin
John Savage (Fenian);/people/person/place_of_birth;Dublin;5.0;John Savage (Fenian)>New York (state)>Hedge fund>Dublin
John Henry (spy);/people/person/place_of_birth;Dublin;3.0;John Henry (spy)>Federalist party>Benjamin Franklin>Dublin
Alfred Downward;/people/person/place_of_birth;Melbourne;5.0;Alfred Downward>Prahran, Victoria>Australian rules football>Melbourne
Mary Cecil Allen;/people/person/place_of_birth;Melbourne;5.0;Mary Cecil Allen>Cubism>Art Deco>Melbourne
Roy Dalgarno;/people/person/place_of_birth;Melbourne;5.0;Roy Dalgarno>Ballarat>Melbourne
Maggie Fitzgibbon;/people/person/place_of_birth;Melbourne;5.0;Maggie Fitzgibbon>Kenn Brodziak>Sydney>Melbourne
Winifred Lewellin James;/people/person/place_of_birth;Melbourne;-3.0;Winifred Lewellin James>London>Melbourne
Adam Bright;/people/person/place_of_birth;Melbourne;5.0;Adam Bright>Ray Bright>Manchester>Melbourne
Michael Guider;/people/person/place_of_birth;Melbourne;5.0;Michael Guider>Sydney>Melbourne
Herbert Postle;/people/person/place_of_birth;Melbourne;5.0;Herbert Postle>Bachelor of Law>Sarawak>Melbourne
Rodney de Gruchy;/people/person/place_of_birth;Melbourne;5.0;Rodney de Gruchy>Australian>History of Australia>Melbourne
Jennifer Huppert;/people/person/place_of_birth;Melbourne;3.0;Jennifer Huppert>Australia>Sydney>Melbourne
Nicole Richardson;/people/person/place_of_birth;Melbourne;5.0;Nicole Richardson>Olympic Games>Melbourne
Justine Smethurst;/people/person/place_of_birth;Melbourne;5.0;Justine Smethurst>Olympic Games>Melbourne
Joanne Fox;/people/person/place_of_birth;Melbourne;5.0;Joanne Fox>Athens>Melbourne
Ashley Gilbertson;/people/person/place_of_birth;Melbourne;5.0;Ashley Gilbertson>Amsterdam>Melbourne
William Dexter;/people/person/place_of_birth;Melbourne;-3.0;William Dexter>England>London>Melbourne
Harry James Angus;/people/person/place_of_birth;Melbourne;5.0;Harry James Angus>Melbourne, Victoria>Melbourne Cricket Ground>Melbourne
Gordon Edward Corbould;/people/person/place_of_birth;Toronto;5.0;Gordon Edward Corbould>Ontario>Toronto
Alastair Sweeny;/people/person/place_of_birth;Toronto;5.0;Alastair Sweeny>Canadians>Canadian English>Toronto
David Bourque;/people/person/place_of_birth;Toronto;-3.0;David Bourque>University of Toronto>Ontario>Toronto
Catherine Winder;/people/person/place_of_birth;Toronto;-5.0;Catherine Winder>Japan>Tokyo>Toronto
George Snell (bishop);/people/person/place_of_birth;Toronto;5.0;George Snell (bishop)>Trinity College, Toronto>Ontario>Toronto
Erna Paris;/people/person/place_of_birth;Toronto;5.0;Erna Paris>University of Toronto>Ontario>Toronto
Ellie Tesher;/people/person/place_of_birth;Toronto;5.0;Ellie Tesher>Ontario>Toronto
Lorraine Leckie;/people/person/place_of_birth;Toronto;-5.0;Lorraine Leckie>New York City>Commuter rail>Toronto
Jack Blum;/people/person/place_of_birth;Toronto;5.0;Jack Blum>Hamilton, Ontario>Toronto
William Leeming Harrison;/people/person/place_of_birth;Toronto;-3.0;William Leeming Harrison>British Empire>North America>Toronto
John Cole (politician);/people/person/place_of_birth;Toronto;5.0;John Cole (politician)>Ontario>Toronto
John Josiah Robinette;/people/person/place_of_birth;Toronto;5.0;John Josiah Robinette>Ontario>Toronto
Kim Ondaatje;/people/person/place_of_birth;Toronto;5.0;Kim Ondaatje>Ontario>Toronto
Kenneth William Junor;/people/person/place_of_birth;Toronto;5.0;Kenneth William Junor>British Empire>North America>Toronto
Arthur N. Martin;/people/person/place_of_birth;Toronto;5.0;Arthur N. Martin>Canadians>Canadian English>Toronto
Frank E. Holmes;/people/person/place_of_birth;Toronto;-3.0;Frank E. Holmes>San Antonio, Texas>National Basketball Association>Toronto
John Thomas Rochead;/people/person/place_of_birth;Edinburgh;5.0;John Thomas Rochead>Belfast>Edinburgh
Thomas Tod Stoddart;/people/person/place_of_birth;Edinburgh;5.0;Thomas Tod Stoddart>Moravian Church>Baptism>Edinburgh
Gillian Cooke;/people/person/place_of_birth;Edinburgh;3.0;Gillian Cooke>Scotland>Edinburgh
George Mudie (Owenite);/people/person/place_of_birth;Edinburgh;5.0;George Mudie (social reformer)>London>Edinburgh
Robert Hamilton Paterson;/people/person/place_of_birth;Edinburgh;5.0;Robert Hamilton Paterson>Duke of Hamilton>Charles I of England>Edinburgh
Walter Elliot (Scottish naturalist);/people/person/place_of_birth;Edinburgh;5.0;Walter Elliot (naturalist)>East India College>London>Edinburgh
James O. Clephane;/people/person/place_of_birth;Edinburgh;-3.0;James O. Clephane>Scotland>Edinburgh
Allan Stewart (artist);/people/person/place_of_birth;Edinburgh;5.0;Allan Stewart (artist)>Mary, Queen of Scots>Edinburgh
Henry John Cody;/people/person/place_of_birth;Edinburgh;-3.0;Henry John Cody>Robert Falconer>Scotland>Edinburgh
Carl Herman Kraeling;/people/person/place_of_birth;Brooklyn;5.0;Carl Hermann Kraeling>Columbia University>Brooklyn
Rebecca Pronsky;/people/person/place_of_birth;Brooklyn;5.0;Rebecca Pronsky>Brooklyn, New York>Brooklyn Bridge>Brooklyn
Raymond Ericson;/people/person/place_of_birth;Brooklyn;5.0;Raymond Ericson>The New York Times>Buffalo, New York>Brooklyn
Seth Lipsky;/people/person/place_of_birth;Brooklyn;5.0;Seth Lipsky>Milton Friedman>Brooklyn
Richard Cullen (attorney);/people/person/place_of_birth;Brooklyn;5.0;Richard Cullen (attorney)>United States Attorney for the Eastern District of Virginia>Supreme Court of the United States>Brooklyn
Sy Landy;/people/person/place_of_birth;Brooklyn;5.0;Sy Landy>United States>Louisiana>Brooklyn
Albert Warren Ferris;/people/person/place_of_birth;Brooklyn;5.0;Albert Warren Ferris>Columbia University>Brooklyn
Matthew T. Abruzzo;/people/person/place_of_birth;Brooklyn;5.0;Matthew T. Abruzzo>United States District Court for the Eastern District of New York>Long Island>Brooklyn
Lucille Wallenrod;/people/person/place_of_birth;Brooklyn;5.0;Lucille Wallenrod>Works Progress Administration>Harlem>Brooklyn
Leonard D. Wexler;/people/person/place_of_birth;Brooklyn;5.0;Leonard D. Wexler>Senior status>Supreme Court of the United States>Brooklyn
Joe Torres (journalist);/people/person/place_of_birth;Brooklyn;5.0;Joe Torres (journalist)>Philadelphia>Brooklyn
Bob Alberti;/people/person/place_of_birth;Brooklyn;5.0;Bob Alberti>Brooklyn, New York>Brooklyn Bridge>Brooklyn
Joe Ascione;/people/person/place_of_birth;Brooklyn;5.0;Joe Ascione>Brooklyn, New York>Brooklyn Bridge>Brooklyn
Stanley Newman;/people/person/place_of_birth;Brooklyn;-1.0;Stanley Newman>United States>Louisiana>Brooklyn
Roger Q. Williams;/people/person/place_of_birth;Brooklyn;5.0;Roger Q. Williams>The New York Times>Buffalo, New York>Brooklyn
Leo C. Zeferetti;/people/person/place_of_birth;Brooklyn;5.0;Leo C. Zeferetti>The New York Times>Buffalo, New York>Brooklyn
Robert Stanley Breed;/people/person/place_of_birth;Brooklyn;-3.0;Robert Stanley Breed>United States>Louisiana>Brooklyn
Claire Burch;/people/person/place_of_birth;Brooklyn;5.0;Claire Burch>Manhattan>Brooklyn
Irving Fiske;/people/person/place_of_birth;Brooklyn;5.0;Irving Fiske>Brooklyn, New York>Brooklyn Bridge>Brooklyn
Bill Kaiserman;/people/person/place_of_birth;Brooklyn;5.0;Bill Kaiserman>Brooklyn, New York>Brooklyn Bridge>Brooklyn
Thomas Elliot Bowman III;/people/person/place_of_birth;Brooklyn;5.0;Thomas Elliot Bowman III>United States>Louisiana>Brooklyn
George E. Waldo;/people/person/place_of_birth;Brooklyn;5.0;George E. Waldo>Ithaca, New York>Brooklyn
Edward Raymond Neaher;/people/person/place_of_birth;Brooklyn;5.0;Edward Raymond Neaher>Senior status>Supreme Court of the United States>Brooklyn
Ferenc A. Váli;/people/person/place_of_birth;Budapest;5.0;Ferenc A. Váli>German language>Budapest
Peter Hargitai;/people/person/place_of_birth;Budapest;5.0;Peter Hargitai>Hungary>Budapest
Imre Zachár;/people/person/place_of_birth;Budapest;5.0;Imre Zachár>Swimming (sport)>London>Budapest
Béla Glattfelder;/people/person/place_of_birth;Budapest;5.0;Béla Glattfelder>Politics of Hungary>Budapest
Berthold Weisz;/people/person/place_of_birth;Budapest;5.0;Berthold Weisz>Berlin>Budapest
Ferenc Sipos;/people/person/place_of_birth;Budapest;5.0;Ferenc Sipos>Hungary>Budapest
Mihály Kovács;/people/person/place_of_birth;Budapest;5.0;Mihály Kovács>Team handball>Europe>Budapest
László Z. Bitó;/people/person/place_of_birth;Budapest;5.0;László Z. Bitó>Hungary>Budapest
Katalin Karády;/people/person/place_of_birth;Budapest;5.0;Katalin Karády>Brussels>Budapest
Péter Lendvay;/people/person/place_of_birth;Budapest;5.0;Péter Lendvay>team handball>Europe>Budapest
Andrea Mátay;/people/person/place_of_birth;Budapest;5.0;Andrea Mátay>Hungary>Budapest
György Bródy;/people/person/place_of_birth;Budapest;5.0;György Bródy>Hungary>Budapest
Ákos Császár;/people/person/place_of_birth;Budapest;5.0;Ákos Császár>Hungarian people>Hungary>Budapest
Dávid Kovács;/people/person/place_of_birth;Budapest;5.0;Dávid Kovács>Jobbik>European Union>Budapest
Ferenc Mérei;/people/person/place_of_birth;Budapest;5.0;Ferenc Mérei>Berlin>Budapest
Elemér Terták;/people/person/place_of_birth;Budapest;5.0;Elemér Terták>Hungary>Budapest
Samuel Löw Brill;/people/person/place_of_birth;Budapest;5.0;Samuel Löw Brill>Prague>Budapest
Bódog Török;/people/person/place_of_birth;Budapest;5.0;Bódog Török>Hungary women's national handball team>Hungary>Budapest
George Clifford Sziklai;/people/person/place_of_birth;Budapest;5.0;George Clifford Sziklai>Hungary>Budapest
Elizabeth McClintock;/people/person/place_of_birth;Los Angeles;5.0;Elizabeth McClintock>California>Los Angeles
Elisa Kleven;/people/person/place_of_birth;Los Angeles;-5.0;Elisa Kleven>Thacher Hurd>Berkeley, California>Los Angeles
Phil Pardee;/people/person/place_of_birth;Los Angeles;5.0;Phil Pardee>Los Angeles, California>Los Angeles International Airport>Los Angeles
20092011 detention of American hikers by Iran;/people/person/place_of_birth;Los Angeles;-3.0;200911 detention of American hikers by Iran>California>Los Angeles
Harold Meyerson;/people/person/place_of_birth;Los Angeles;5.0;Harold Meyerson>California>Los Angeles
David Hammerstein Mintz;/people/person/place_of_birth;Los Angeles;5.0;David Hammerstein Mintz>Politics of Spain>Andalusia>Los Angeles
Jimmy Greenspoon;/people/person/place_of_birth;Los Angeles;5.0;Jimmy Greenspoon>California>Los Angeles
Leona Rostenberg;/people/person/place_of_birth;New York City;5.0;Leona Rostenberg>New York, New York>The Bronx>New York City
Edward Auer;/people/person/place_of_birth;New York City;5.0;Edward Auer>United States>American Revolution>New York City
Tito Puente, Jr.;/people/person/place_of_birth;New York City;5.0;Tito Puente Jr.>New York City, New York>The Bronx>New York City
Jerome Levine;/people/person/place_of_birth;New York City;5.0;Jerome Levine>mathematician>Ibn al-Haytham>New York City
David Buskin;/people/person/place_of_birth;New York City;5.0;David Buskin>Brown University>New York City
James McBratney;/people/person/place_of_birth;New York City;5.0;James McBratney>New York City, New York>The Bronx>New York City
Allan G. Brodie;/people/person/place_of_birth;New York City;5.0;Allan G. Brodie>United States>American Revolution>New York City
Alisa Arnah;/people/person/place_of_birth;London;5.0;Alisa Arnah>Royal Academy of Dramatic Art>Doctor Who>London
Nick Philip;/people/person/place_of_birth;London;5.0;Nick Philip>Charles Uzzell Edwards>Amsterdam>London
Peter Milligan;/people/person/place_of_birth;London;5.0;Peter Milligan>X-Force>Professor X>London
Russell Stannard;/people/person/place_of_birth;London;5.0;Russell Stannard>physicist>Ibn al-Haytham>London
Jean Ure;/people/person/place_of_birth;London;5.0;Jean Ure>English people>England>London
Charles Frodsham;/people/person/place_of_birth;London;5.0;Charles Frodsham>United Kingdom of Great Britain and Ireland>British Empire>London
Frederic Bayco;/people/person/place_of_birth;London;5.0;Frederic Bayco>Royal College of Organists>City of London>London
Alain de Cadenet;/people/person/place_of_birth;London;5.0;Alain de Cadenet>ESPN>BT Group>London
Matthew Price;/people/person/place_of_birth;London;5.0;Matthew Price>England>London
Edmund Hobhouse;/people/person/place_of_birth;London;5.0;Edmund Hobhouse>New Zealand>Fiji>London
Richard Vale;/people/person/place_of_birth;London;5.0;Richard Vale>England>London
Antonia Okonma;/people/person/place_of_birth;London;5.0;Antonia Okonma>Bad Girls (TV series)>Amsterdam>London
Neville Maxwell;/people/person/place_of_birth;London;5.0;Neville Maxwell>McGill University>British Columbia>London
William Main Page;/people/person/place_of_birth;London;5.0;William Main Page>Edinburgh>London
David Vaughan (dance archivist);/people/person/place_of_birth;London;5.0;David Vaughan (dance archivist)>The New York Times>Chicago>London
Harry Zvi Tabor;/people/person/place_of_birth;London;5.0;Harry Zvi Tabor>physicist>Ibn al-Haytham>London
William Byrne (engraver);/people/person/place_of_birth;London;5.0;William Byrne (engraver)>Claude Lorrain>British Museum>London
Samuel Verblunsky;/people/person/place_of_birth;London;5.0;Samuel Verblunsky>Magdalene College, Cambridge>Archbishop of Canterbury>London
Thalia Pellegrini;/people/person/place_of_birth;London;5.0;Thalia Pellegrini>England>London
Joe Daly;/people/person/place_of_birth;London;5.0;Joe Daly>South Africa>British Empire>London
Olivia Poulet;/people/person/place_of_birth;London;5.0;Olivia Poulet>England>London
Claude Piel;/people/person/place_of_birth;Paris;5.0;Claude Piel>Clermont-Ferrand>Augustus>Paris
Marianne Peretti;/people/person/place_of_birth;Paris;5.0;Marianne Peretti>Brasília>Paris
Sébastien Denis;/people/person/place_of_birth;Paris;5.0;Sébastien Denis>France>French language>Paris
Ibrahim Diarra;/people/person/place_of_birth;Paris;5.0;Ibrahim Diarra>France>French language>Paris
Philippe Risoli;/people/person/place_of_birth;Paris;5.0;Philippe Risoli>France>French language>Paris
Yvette Giraud;/people/person/place_of_birth;Paris;5.0;Yvette Giraud>France>French language>Paris
Henri Nussbaumer;/people/person/place_of_birth;Paris;5.0;Henri Nussbaumer>Ecole Centrale Paris>Eiffel Tower>Paris
Jeanne Deroin;/people/person/place_of_birth;Paris;5.0;Jeanne Deroin>Olympe de Gouges>Autobiography>Paris
Laurent Boyer;/people/person/place_of_birth;Paris;5.0;Laurent Boyer>France>French language>Paris
Raymond Monsour Scurfield;/people/person/place_of_birth;Chicago;5.0;Raymond Monsour Scurfield>Los Angeles>Chicago
Mary Jayne Gold;/people/person/place_of_birth;Chicago;5.0;Mary Jayne Gold>Illinois>Chicago
Axel Leonard Melander;/people/person/place_of_birth;Chicago;5.0;Axel Leonard Melander>Chicago, Illinois>Commuter rail>Chicago
Tim McGill;/people/person/place_of_birth;Chicago;5.0;Tim McGill>College football>Chicago
Brian Bram;/people/person/place_of_birth;Chicago;5.0;Brian Bram>Cleveland>Chicago
Ed Rossbach;/people/person/place_of_birth;Chicago;5.0;Ed Rossbach>University of Washington>Dale Chihuly>Chicago
Ruth Fuller Sasaki;/people/person/place_of_birth;Chicago;5.0;Ruth Fuller Sasaki>United States>North America>Chicago
Joel Honig;/people/person/place_of_birth;Chicago;5.0;Joel Honig>Greenwich Village>Chicago
Daniel M. Hausman;/people/person/place_of_birth;Chicago;5.0;Daniel M. Hausman>Herbert A. Simon>Chicago
Lowrell Simon;/people/person/place_of_birth;Chicago;5.0;Lowrell Simon>United States>North America>Chicago
Francis Davis;/people/person/place_of_birth;Philadelphia;5.0;Francis Davis>Pennsylvania>Philadelphia
Spencer Wishart;/people/person/place_of_birth;Philadelphia;5.0;Spencer Wishart>The New York Times>Grover Cleveland>Philadelphia
Harrison Allen;/people/person/place_of_birth;Philadelphia;5.0;Harrison Allen>United States>Maine>Philadelphia
Dick Stockton;/people/person/place_of_birth;Philadelphia;5.0;Dick Stockton>Oakland Athletics>Philadelphia
Andrew Repasky McElhinney;/people/person/place_of_birth;Philadelphia;5.0;Andrew Repasky McElhinney>Marj Dusay>Elvis Presley>Philadelphia
Gloria Mann;/people/person/place_of_birth;Philadelphia;5.0;Gloria Mann>Pennsylvania>Philadelphia
Thomas Pole;/people/person/place_of_birth;Philadelphia;5.0;Thomas Pole>Benjamin Franklin>Philadelphia
